"","Season","TeamName","Tempo","RankTempoSeason","AdjTempo","RankAdjTempoSeason","OE","RankOESeason","AdjOE","RankAdjOESeason","DE","RankDESeason","AdjDE","RankAdjDESeason","AdjSOS","RankAdjSOS_Season","seed_season"
"1",2023,"Alabama",72.826,12,72.7469,4,110.862,32,116.097,19,91.7957,5,88.5549,3,27.5425,3,"1"
"2",2023,"Arizona",72.8989,10,72.3118,9,113.208,13,119.979,4,98.1517,68,97.1195,41,22.8595,10,"2"
"3",2023,"Arizona St.",69.1548,121,68.4035,131,100.983,236,107.586,133,96.9713,48,95.2101,28,12.3762,68,"11"
"4",2023,"Arkansas",70.1147,73,69.6808,54,105.743,119,112.596,51,95.813,35,93.9677,16,18.6287,20,"8"
"5",2023,"Auburn",68.6925,145,67.6112,165,105.387,131,112.689,48,97.2563,53,95.2408,29,17.4484,29,"9"
"6",2023,"Baylor",67.8723,185,66.551,217,113.141,14,121.852,2,103.675,190,101.871,104,19.9811,15,"3"
"7",2023,"Boise St.",67.0127,229,66.5002,219,105.781,118,110.969,78,95.3921,26,93.8352,14,17.1342,31,"10"
"8",2023,"Charleston",70.8386,44,70.9567,29,112.46,17,111.378,70,94.3072,14,99.6171,74,11.7607,73,"12"
"9",2023,"Colgate",68.0072,179,67.8783,156,114.974,7,112.963,44,101.683,138,107.67,231,5.29267,114,"15"
"10",2023,"Connecticut",68.5693,154,66.6901,210,114.228,9,119.437,6,95.0685,22,94.0686,18,25.3686,4,"4"
"11",2023,"Creighton",69.4467,104,67.9808,149,109.592,47,114.621,28,97.6468,61,93.9665,15,20.6545,13,"6"
"12",2023,"Drake",66.685,243,66.4238,222,108.714,65,109.84,98,94.3924,16,97.3312,44,12.5086,66,"12"
"13",2023,"Duke",65.7055,294,65.258,288,110.245,38,113.242,42,96.9333,47,94.7531,24,18.4885,21,"5"
"14",2023,"Fairleigh Dickinson",69.2648,112,68.7636,110,108.88,61,106.175,155,108.232,297,118.425,361,-12.2499,312,"16"
"15",2023,"Florida Atlantic",68.7232,140,68.4356,126,112.947,15,114.275,32,94.37,15,96.0455,36,18.2298,26,"9"
"16",2023,"Furman",68.8397,138,68.4584,124,115.465,6,114.2,33,102.412,154,105.775,183,8.42507,89,"13"
"17",2023,"Gonzaga",71.5446,34,70.0663,44,120.383,2,124.004,1,102.978,171,99.6937,76,24.3101,8,"3"
"18",2023,"Grand Canyon",65.9325,281,65.1541,293,108.542,67,112.317,54,103.639,188,106.325,198,5.99141,109,"14"
"19",2023,"Houston",64.7857,327,63.3299,343,116.021,4,118.387,11,87.4193,1,89.5678,4,28.8196,1,"1"
"20",2023,"Howard",71.0452,38,68.9681,99,103.037,176,103.701,204,101.975,141,106.914,212,-3.21361,215,"16"
"21",2023,"Illinois",69.2852,111,69.3873,71,106.287,104,112.167,58,96.0045,36,95.6864,32,16.4805,33,"9"
"22",2023,"Indiana",68.4707,158,68.1266,142,108.931,60,114.651,27,99.6621,91,97.2921,43,17.3586,30,"4"
"23",2023,"Iona",68.9173,133,68.8987,102,110.689,35,110.856,79,94.0259,12,99.1448,67,11.7114,74,"13"
"24",2023,"Iowa",69.5921,99,69.5377,66,113.509,10,120.475,3,105.692,243,104.873,167,15.6021,37,"8"
"25",2023,"Iowa St.",65.8211,290,64.3155,326,103.094,174,109.884,96,94.8508,21,91.5493,8,18.3345,23,"6"
"26",2023,"Kansas",70.0971,74,69.2715,79,106.078,109,114.61,29,96.3488,40,91.4741,7,23.1356,9,"1"
"27",2023,"Kansas St.",70.7287,48,70.2112,40,104.952,139,112.516,52,95.7969,34,94.2021,19,18.3143,24,"3"
"28",2023,"Kennesaw St.",69.1918,118,68.5425,118,105.334,134,106.304,153,101.312,130,102.661,116,3.64263,127,"14"
"29",2023,"Kent St.",69.3536,109,68.0538,144,108.778,64,108.347,110,95.6199,32,96.4498,38,11.8972,71,"13"
"30",2023,"Kentucky",66.8388,236,66.0118,251,111.767,24,117.41,14,101.192,125,99.6115,71,17.7987,28,"6"
"31",2023,"Louisiana",68.6612,147,68.4083,130,109.745,42,112.243,57,102.034,143,104.042,146,8.20091,92,"13"
"32",2023,"Marquette",69.6014,98,68.3572,135,113.246,12,119.308,8,100.116,95,97.4789,47,21.8296,12,"2"
"33",2023,"Maryland",64.5455,335,64.6104,312,109.025,56,114.136,35,97.5818,60,95.7662,33,18.3703,22,"8"
"34",2023,"Memphis",72.5742,16,71.7989,17,108.548,66,114.701,26,97.6969,62,96.0133,35,18.6881,19,"8"
"35",2023,"Miami FL",68.9799,128,68.8527,105,114.539,8,118.233,12,104.044,201,103.319,132,14.9148,40,"5"
"36",2023,"Michigan St.",65.387,309,64.9304,304,105.971,112,113.4,41,101.594,135,96.6898,40,16.7099,32,"7"
"37",2023,"Mississippi St.",64.9893,321,63.8156,334,100.199,254,105.451,164,92.6099,7,91.3344,6,14.1161,49,"11"
"38",2023,"Missouri",70.2468,69,69.1078,92,112.445,18,119.289,10,105.612,241,105.37,178,13.9186,51,"7"
"39",2023,"Montana St.",67.107,223,66.4692,221,105.386,133,105.36,170,99.0737,80,99.6121,72,5.74793,110,"14"
"40",2023,"N.C. State",69.8214,89,69.1326,89,111.298,28,113.894,37,101.235,128,100.589,85,13.3052,55,"11"
"41",2023,"Nevada",66.2038,274,66.0568,245,106.46,103,112.039,61,99.3311,84,97.2466,42,14.7927,43,"11"
"42",2023,"Northern Kentucky",63.1624,352,62.0433,358,104.474,148,103.337,217,100.362,104,102.82,121,0.516867,161,"16"
"43",2023,"Northwestern",65.3487,310,64.9195,305,102.638,191,108.511,109,95.4446,28,93.6787,13,14.8321,42,"7"
"44",2023,"Oral Roberts",70.7367,47,70.4986,38,116.53,3,115.289,23,99.0034,79,102.04,107,13.2487,56,"12"
"45",2023,"Penn St.",64.5546,334,64.6096,313,109.964,40,116.826,17,104.26,209,101.79,101,15.0367,39,"10"
"46",2023,"Pittsburgh",68.139,174,67.3196,174,111.897,22,115.103,24,103.731,192,103.837,142,11.2663,77,"11"
"47",2023,"Princeton",68.3492,164,67.4503,171,108.055,74,109.093,103,99.565,89,103.527,137,5.5658,112,"15"
"48",2023,"Providence",68.3876,163,66.9051,195,111.864,23,116.847,16,102.675,162,102.117,108,14.7305,44,"11"
"49",2023,"Purdue",64.2104,339,64.3846,322,113.435,11,119.362,7,97.4768,56,94.8154,26,24.5463,7,"1"
"50",2023,"Saint Mary's",63.5736,346,61.7454,359,110.407,37,113.47,40,93.3983,10,91.5736,9,21.896,11,"5"
"51",2023,"San Diego St.",66.5126,254,66.009,252,106.67,99,111.929,64,95.1386,23,91.6744,10,20.2549,14,"5"
"52",2023,"Southeast Missouri St.",73.8049,3,72.5476,7,102.664,188,100.937,263,103.119,177,108.149,243,-7.21197,257,"16"
"53",2023,"TCU",70.8734,41,69.8117,49,105.499,126,112.366,53,95.5984,31,94.3027,20,18.0633,27,"6"
"54",2023,"Tennessee",66.2411,271,65.5272,278,108.476,68,112.675,49,87.5278,2,87.97,2,24.7052,5,"4"
"55",2023,"Texas",70.3477,66,69.1219,91,109.362,51,116.581,18,94.4193,17,92.0106,11,24.5707,6,"2"
"56",2023,"Texas A&M",67.3544,212,66.1613,237,108.864,62,114.483,30,98.0857,66,96.1997,37,18.2834,25,"7"
"57",2023,"Texas A&M Corpus Chris",70.668,53,69.2572,80,109.864,41,107.367,137,102.144,147,107.592,229,-0.225051,170,"16"
"58",2023,"Texas Southern",70.7133,49,69.324,76,94.0655,342,96.5543,330,101.105,119,106.264,196,-9.71,285,"16"
"59",2023,"UC Santa Barbara",65.2422,313,64.9567,302,109.642,46,111.335,71,100.429,106,104.693,163,6.6422,102,"14"
"60",2023,"UCLA",67.3147,213,66.2741,230,109.714,44,114.875,25,89.6305,3,87.2423,1,27.6323,2,"2"
"61",2023,"UNC Asheville",68.6291,150,68.5066,121,104.637,145,104.141,195,99.299,82,102.635,115,1.50642,146,"15"
"62",2023,"USC",68.5518,155,68.1465,140,105.647,122,113.122,43,97.7374,63,97.4891,48,15.6327,36,"10"
"63",2023,"Utah St.",69.0721,123,68.7801,108,111.983,20,117.762,13,100.749,113,98.8807,64,18.8814,18,"10"
"64",2023,"VCU",68.432,159,68.0086,147,104.381,150,107.195,140,92.132,6,94.0449,17,13.1498,58,"12"
"65",2023,"Vermont",65.4601,306,64.6048,314,109.144,55,109.778,99,100.594,109,104.357,153,5.42124,113,"15"
"66",2023,"Virginia",62.3949,360,61.5696,360,108.334,70,111.166,74,96.2189,38,94.7544,25,16.4114,34,"4"
"67",2023,"West Virginia",69.8826,84,68.8537,104,108.969,58,117.144,15,101.511,134,97.9996,52,19.1445,17,"9"
"68",2023,"Xavier",71.8516,30,70.3573,39,112.788,16,119.297,9,102.922,167,99.604,70,19.693,16,"3"
"69",2022,"Akron",63.8375,344,62.0745,351,107.883,52,106.151,113,99.9619,131,102.661,166,3.48951,131,"13"
"70",2022,"Alabama",73.3157,10,71.7144,12,109.137,37,116.098,14,104.116,238,98.7358,94,17.3625,25,"6"
"71",2022,"Arizona",72.9192,13,72.1752,8,115.613,6,119.64,5,92.5195,14,92.431,20,27.2089,2,"1"
"72",2022,"Arkansas",72.0273,28,70.59,28,106.057,83,111.072,40,94.3928,28,92.0511,17,19.0214,20,"4"
"73",2022,"Auburn",71.398,41,70.0205,40,108.347,47,113.602,24,92.1279,11,89.1491,8,24.453,10,"2"
"74",2022,"Baylor",68.5501,149,67.2084,169,111.13,22,117.874,9,92.7023,15,91.5538,14,26.3204,5,"1"
"75",2022,"Boise St.",64.907,332,64.6171,305,103.572,142,108.443,76,92.8519,16,92.0306,16,16.412,26,"8"
"76",2022,"Bryant",72.1918,24,72.1799,7,105.275,106,104.211,154,100.608,145,105.162,218,-0.950484,183,"16"
"77",2022,"Cal St. Fullerton",66.5151,267,65.9926,239,103.807,135,104.656,144,99.3304,115,102.553,164,2.10306,149,"15"
"78",2022,"Chattanooga",65.5215,308,64.6362,302,111.059,24,110.028,58,99.6475,123,98.756,95,11.2724,72,"13"
"79",2022,"Colgate",67.6928,197,67.2561,163,111.011,25,108.276,79,99.2826,110,104.059,203,4.21729,119,"14"
"80",2022,"Colorado St.",65.7368,297,65.0792,280,110.141,32,114.159,20,99.3144,113,98.3029,83,15.8566,31,"6"
"81",2022,"Connecticut",67.0231,242,64.8837,291,109.555,34,113.924,21,95.4483,37,94.5963,35,19.3281,18,"5"
"82",2022,"Creighton",68.0849,174,66.8916,189,100.292,208,105.588,124,96.1478,45,92.1195,18,13.4685,53,"9"
"83",2022,"Davidson",65.6986,299,64.6212,304,113.241,13,116.781,11,100.016,135,101.978,152,14.8028,41,"10"
"84",2022,"Delaware",67.7472,194,66.6342,199,107.166,63,106.849,100,102.824,213,104.566,212,2.283,145,"15"
"85",2022,"Duke",68.2765,168,67.3866,150,117.152,5,119.363,7,98.2346,85,95.6508,44,23.7124,12,"2"
"86",2022,"Georgia St.",67.7572,192,67.1142,174,99.6748,224,101.532,201,97.8036,76,99.6875,114,1.84485,151,"16"
"87",2022,"Gonzaga",73.7703,6,72.4831,4,118.885,2,121.805,1,88.5732,3,88.836,7,32.9688,1,"1"
"88",2022,"Houston",65.4652,309,63.8376,333,114.576,7,117.348,10,88.9612,4,90.8508,11,26.4976,4,"5"
"89",2022,"Illinois",68.1937,173,67.0758,177,110.345,30,113.725,23,98.2696,87,94.138,30,19.5866,17,"4"
"90",2022,"Indiana",67.8765,185,66.9603,185,103.985,131,107.558,91,95.8817,43,92.6213,21,14.9367,36,"12"
"91",2022,"Iowa",70.3455,72,69.5965,52,118.165,4,121.548,2,101.016,160,98.0208,77,23.5269,13,"5"
"92",2022,"Iowa St.",67.2114,228,66.0731,232,98.0934,259,104.382,151,92.9036,18,90.4362,10,13.9459,48,"11"
"93",2022,"Jacksonville St.",66.1608,275,65.1165,276,106.638,71,105.325,132,99.7107,127,103.083,178,2.24147,146,"15"
"94",2022,"Kansas",69.5494,92,69.0976,68,111.605,21,119.389,6,97.191,66,93.8965,29,25.492,6,"1"
"95",2022,"Kentucky",69.3278,97,67.3275,155,114.407,9,120.191,4,95.4126,36,93.5959,27,26.5948,3,"2"
"96",2022,"Longwood",67.1683,231,66.0454,235,108.965,40,106.108,115,98.0629,83,103.624,191,2.48399,144,"14"
"97",2022,"Loyola Chicago",65.6169,302,64.5889,308,109.986,33,110.891,42,92.9722,20,93.196,22,17.6948,24,"10"
"98",2022,"LSU",70.6956,55,68.6446,92,102.61,163,107.64,89,89.6727,5,88.5581,5,19.0816,19,"6"
"99",2022,"Marquette",71.4884,38,70.6644,26,103.451,145,109.787,62,98.5096,95,95.785,46,14.0024,47,"9"
"100",2022,"Memphis",71.4262,40,70.2976,34,105.619,97,110.368,50,96.197,46,94.1479,31,16.2198,28,"9"
"101",2022,"Miami FL",67.5221,204,67.2783,160,110.368,29,114.756,17,104.983,253,102.136,157,12.6207,62,"10"
"102",2022,"Michigan",67.5085,206,66.285,218,108.005,50,114.207,19,103.654,226,98.5588,91,15.6481,33,"11"
"103",2022,"Michigan St.",68.0511,176,67.5067,141,105.927,89,111.275,38,100.988,158,96.4032,53,14.8717,40,"7"
"104",2022,"Montana St.",68.9381,124,67.294,157,108.242,48,104.531,147,98.3861,92,100.723,129,3.80856,125,"14"
"105",2022,"Murray St.",67.4595,211,65.7834,246,113.009,14,111.518,35,92.0871,10,95.1287,40,16.389,27,"7"
"106",2022,"New Mexico St.",67.8721,186,66.1724,223,104.869,119,107.805,87,96.0926,44,97.7021,73,10.1026,81,"12"
"107",2022,"Norfolk St.",70.4806,66,66.9322,187,103.718,139,102.43,190,93.6633,25,102.285,160,0.14543,168,"16"
"108",2022,"North Carolina",70.2181,77,70.1492,38,109.416,35,113.057,27,100.974,156,97.0108,64,16.0459,29,"8"
"109",2022,"Notre Dame",65.9041,288,65.7294,250,108.378,46,111.997,29,100.674,147,98.3632,84,13.6336,52,"11"
"110",2022,"Ohio St.",65.3779,314,64.9727,287,112.068,18,116.627,13,103.964,235,100.804,131,15.8224,32,"7"
"111",2022,"Providence",66.0606,280,65.193,273,106.471,74,111.929,31,99.604,122,98.0491,79,13.8797,49,"4"
"112",2022,"Purdue",66.6017,263,65.764,248,118.576,3,121.268,3,102.357,196,98.9804,100,22.2872,14,"3"
"113",2022,"Richmond",67.501,207,66.8627,191,105.575,100,109.146,69,100.278,141,99.3205,104,9.82501,83,"12"
"114",2022,"Rutgers",65.7294,298,64.9317,289,102.697,161,106.375,107,99.4951,118,95.5107,43,10.8648,74,"11"
"115",2022,"Saint Mary's",65.5835,304,63.493,338,106.095,82,109.764,64,93.3164,22,89.9554,9,19.8082,16,"5"
"116",2022,"Saint Peter's",67.0262,241,65.9614,242,98.7557,249,98.7512,259,92.3289,12,94.4758,34,4.27548,118,"15"
"117",2022,"San Diego St.",65.2321,319,65.2809,268,99.3087,235,104.106,157,87.9036,1,85.9549,2,18.151,22,"8"
"118",2022,"San Francisco",70.641,59,68.6767,89,107.272,61,110.756,45,94.4226,29,92.3886,19,18.3679,21,"10"
"119",2022,"Seton Hall",68.6462,141,67.2574,162,103.686,140,108.487,75,96.4278,51,93.5199,26,14.967,35,"8"
"120",2022,"South Dakota St.",71.5227,37,69.4008,59,119.382,1,116.763,12,103.747,228,105.32,220,11.4429,71,"13"
"121",2022,"TCU",67.1122,237,65.834,244,101.094,199,108.261,80,96.6485,54,93.3525,24,14.909,38,"9"
"122",2022,"Tennessee",68.6808,138,67.1668,172,105.997,87,111.439,36,90.464,7,86.1987,3,25.2399,7,"3"
"123",2022,"Texas",64.188,343,63.0969,341,105.723,94,111.812,32,91.9048,8,91.4059,13,20.4063,15,"6"
"124",2022,"Texas A&M Corpus Chris",71.7318,32,68.9287,73,102.501,166,96.9771,287,98.6743,99,103.288,181,-6.3107,243,"16"
"125",2022,"Texas Southern",69.2557,104,67.6207,130,99.3772,233,98.1424,270,94.3754,27,99.4749,108,-1.33245,188,"16"
"126",2022,"Texas Tech",67.472,209,66.455,211,104.973,114,109.701,65,88.3557,2,85.0595,1,24.641,9,"3"
"127",2022,"UAB",70.1548,78,68.7871,81,111.84,19,112.489,28,95.4026,35,98.456,89,14.0333,46,"12"
"128",2022,"UCLA",67.1833,230,65.5444,258,111.821,20,116.076,15,94.6157,31,91.2287,12,24.8472,8,"4"
"129",2022,"USC",67.4471,214,66.022,237,106.564,73,110.473,47,96.9625,63,96.0232,49,14.4494,42,"7"
"130",2022,"Vermont",65.1612,322,64.9527,288,114.506,8,110.775,44,92.9081,19,97.7084,74,13.0669,59,"13"
"131",2022,"Villanova",64.1915,342,62.55,345,112.845,15,117.95,8,97.6798,75,93.8397,28,24.1107,11,"2"
"132",2022,"Virginia Tech",63.4606,346,62.9067,344,111.1,23,114.268,18,98.0541,82,96.4045,54,17.8634,23,"11"
"133",2022,"Wisconsin",67.1476,232,66.466,208,105.178,108,110.398,49,98.919,103,94.8142,38,15.5839,34,"3"
"134",2022,"Wright St.",69.1928,109,68.4334,97,108.996,39,106.365,108,103.348,218,107.231,262,-0.866069,182,"16"
"135",2022,"Wyoming",66.1084,279,66.0062,238,107.367,58,110.173,54,97.9249,80,97.0777,66,13.0956,58,"12"
"136",2022,"Yale",70.2695,73,68.6807,86,101.727,182,101.474,203,98.5686,96,99.2392,103,2.23432,147,"14"
"137",2021,"Abilene Christian",71.6065,74,69.9524,102,106.373,73,103.047,157,86.3925,1,92.9196,30,10.1273,86,"14"
"138",2021,"Alabama",75.1471,10,73.9267,9,105.998,83,111.722,34,92.8416,18,86.734,2,24.9876,8,"2"
"139",2021,"Appalachian St.",66.0679,308,65.6825,310,100.327,189,99.3998,227,101.33,165,103.738,205,-4.33805,209,"16"
"140",2021,"Arkansas",75.3323,7,73.1045,17,108.753,39,111.502,35,93.4594,22,89.9724,14,21.5292,18,"3"
"141",2021,"Baylor",70.2185,123,68.3891,179,119.43,2,123.265,3,94.472,35,93.7679,44,29.4969,4,"1"
"142",2021,"BYU",70.3849,115,67.9796,200,108.904,38,113.107,28,96.3259,57,92.1612,26,20.9462,24,"6"
"143",2021,"Clemson",64.8682,333,64.2422,338,100.131,192,106.87,99,95.3828,44,90.7046,20,16.1652,42,"7"
"144",2021,"Cleveland St.",67.664,244,66.3028,282,103.581,124,100.852,199,101.464,171,99.4794,121,1.37289,151,"15"
"145",2021,"Colgate",72.1928,53,72.4472,25,118.814,3,110.89,43,94.0365,27,100.668,140,10.2223,84,"14"
"146",2021,"Colorado",66.2458,299,66.3585,280,110.094,27,114.417,17,95.8568,51,92.7358,29,21.6816,17,"5"
"147",2021,"Connecticut",66.4535,293,66.0354,301,108.197,50,113.581,24,96.6577,63,91.6796,25,21.9011,16,"7"
"148",2021,"Creighton",69.5619,159,69.0627,144,109.643,32,114.87,14,97.5105,73,93.5652,40,21.3051,19,"5"
"149",2021,"Drake",66.2207,301,66.7599,265,114.165,7,113.949,19,97.8564,77,99.3062,120,14.6425,53,"11"
"150",2021,"Drexel",65.9441,313,64.2271,340,108.611,41,107.143,95,101.644,179,105.525,247,1.6183,146,"16"
"151",2021,"Eastern Washington",71.2932,87,72.3499,28,109.304,35,107.67,86,98.1596,83,101.018,152,6.65145,110,"14"
"152",2021,"Florida",70.6908,103,68.6479,165,104.562,100,110.975,40,98.8706,105,93.4227,37,17.5522,37,"7"
"153",2021,"Florida St.",70.3595,117,70.5582,84,111.363,20,116.442,10,98.9496,107,94.3726,48,22.0698,15,"4"
"154",2021,"Georgetown",70.1451,128,69.6374,113,101.239,173,107.693,85,100.383,141,93.636,41,14.0569,55,"12"
"155",2021,"Georgia Tech",68.0089,226,67.7637,215,108.198,49,113.332,27,100.068,133,94.783,52,18.5494,32,"9"
"156",2021,"Gonzaga",75.2784,8,74.7701,4,122.395,1,126.111,1,91.6576,12,89.4872,10,36.6241,1,"1"
"157",2021,"Grand Canyon",66.7431,286,65.4771,314,106.694,66,103.554,142,92.4329,16,96.5771,74,6.97644,108,"15"
"158",2021,"Hartford",66.4658,292,66.7023,269,99.1816,210,97.4886,254,95.4155,46,100.22,127,-2.73095,192,"16"
"159",2021,"Houston",65.975,312,64.9246,327,115.808,5,118.922,8,88.5559,5,90.1017,16,28.8202,6,"2"
"160",2021,"Illinois",71.5738,78,70.7135,80,112.127,18,118.957,7,95.8562,50,88.3445,5,30.6122,3,"1"
"161",2021,"Iona",69.8206,146,68.3119,185,103.193,133,100.371,210,94.2201,30,101.407,161,-1.03598,181,"15"
"162",2021,"Iowa",70.9678,97,69.9829,100,117.408,4,123.496,2,101.074,158,94.5925,50,28.9031,5,"2"
"163",2021,"Kansas",69.3839,169,68.2629,186,104.203,109,109.615,59,94.8304,39,88.5839,6,21.0313,22,"3"
"164",2021,"Liberty",64.4,336,63.1252,348,113.773,8,110.143,52,96.5376,60,101.773,168,8.37002,97,"13"
"165",2021,"Loyola Chicago",63.4532,345,64.1938,342,110.218,26,110.416,49,87.2641,3,86.6625,1,23.7539,9,"8"
"166",2021,"LSU",72.7762,38,70.7574,78,112.749,13,119.771,5,103.154,221,100.181,125,19.5899,29,"8"
"167",2021,"Maryland",65.6478,318,65.3286,317,103.219,132,110.916,42,99.3084,116,92.1984,27,18.7175,31,"10"
"168",2021,"Michigan",67.547,251,66.8217,261,112.349,15,119.434,6,96.3266,58,88.6425,7,30.7915,2,"1"
"169",2021,"Michigan St.",69.1421,178,68.6334,166,99.5046,205,106.989,98,102.259,199,92.9745,32,14.0141,56,"11"
"170",2021,"Missouri",70.5204,112,68.7329,160,103.256,131,110.248,51,101.07,157,95.0983,58,15.15,51,"9"
"171",2021,"Morehead St.",67.166,272,65.5948,312,100.374,187,100.165,214,94.537,36,96.2694,72,3.89559,128,"14"
"172",2021,"Mount St. Mary's",63.7509,342,62.172,356,98.9687,215,95.4181,287,97.0309,65,100.428,136,-5.0102,219,"16"
"173",2021,"Norfolk St.",72.0453,59,67.6936,221,104.011,113,100.613,204,97.4792,72,104.355,219,-3.74215,200,"16"
"174",2021,"North Carolina",71.8804,66,71.8271,45,105.059,92,110.111,53,96.582,62,90.0231,15,20.0876,28,"8"
"175",2021,"North Texas",65.0818,332,63.0896,350,103.916,118,105.362,119,92.9394,19,93.6646,42,11.6975,71,"13"
"176",2021,"Ohio",71.7136,72,69.3203,131,112.226,17,113.002,29,102.559,210,101.888,174,11.1142,78,"13"
"177",2021,"Ohio St.",67.553,250,67.0815,248,113.532,10,122.274,4,104.295,244,96.8491,79,25.4253,7,"2"
"178",2021,"Oklahoma",69.1751,175,67.689,222,106.109,80,111.427,36,98.5625,91,94.7836,53,16.6439,39,"8"
"179",2021,"Oklahoma St.",72.8164,36,71.9524,43,103.792,121,110.059,54,98.1737,84,91.2923,22,18.7671,30,"4"
"180",2021,"Oral Roberts",72.7902,37,71.7646,47,108.965,37,108.656,74,106.738,283,107.44,285,1.21622,152,"15"
"181",2021,"Oregon",67.8562,233,67.2355,242,109.767,30,114.453,16,99.8891,129,96.7728,76,17.6799,36,"7"
"182",2021,"Oregon St.",65.632,319,65.3971,315,104.37,105,109.326,65,104.538,250,99.1533,117,10.1728,85,"12"
"183",2021,"Purdue",66.7936,283,66.4842,274,106.055,82,113.612,23,98.8645,103,91.3407,23,22.2716,13,"4"
"184",2021,"Rutgers",68.5249,198,67.7741,213,101.449,167,108.651,75,99.1205,110,90.5084,18,18.1428,34,"10"
"185",2021,"San Diego St.",66.8552,281,66.0736,298,109.872,29,110.835,44,91.4916,10,89.5391,11,21.296,20,"6"
"186",2021,"St. Bonaventure",65.1656,329,65.1595,319,108.487,45,111.309,38,92.6373,17,90.4885,17,20.8204,25,"9"
"187",2021,"Syracuse",69.6241,154,69.2068,139,108.366,46,113.82,22,101.139,161,97.5937,89,16.2268,41,"11"
"188",2021,"Tennessee",68.813,186,67.3118,233,105.227,90,108.804,71,91.6883,13,87.7414,4,21.0624,21,"5"
"189",2021,"Texas",69.609,155,69.2079,138,106.848,64,113.848,21,97.8468,76,93.2661,36,20.5822,26,"3"
"190",2021,"Texas Southern",73.4549,28,71.9846,41,99.7677,197,98.9834,236,95.3916,45,105.038,236,-6.05453,229,"16"
"191",2021,"Texas Tech",66.9686,279,65.3672,316,107.923,54,112.362,33,93.8813,24,91.4155,24,20.9465,23,"6"
"192",2021,"UC Santa Barbara",66.6897,288,66.1183,295,109.661,31,109.242,66,94.1696,29,97.0104,82,12.2317,69,"12"
"193",2021,"UCLA",65.2619,327,64.6928,332,108.256,48,113.403,26,102.131,195,97.4859,86,15.9175,44,"11"
"194",2021,"UNC Greensboro",70.3313,119,68.4895,174,104.391,104,104.118,129,95.5017,47,95.9651,67,8.15332,100,"13"
"195",2021,"USC",67.5611,249,67.2898,236,108.537,44,112.883,30,94.8746,41,90.6583,19,22.2245,14,"6"
"196",2021,"Utah St.",69.4931,165,68.8615,154,104.427,102,105.729,112,89.3923,6,89.2192,8,16.51,40,"11"
"197",2021,"VCU",70.2879,121,69.8256,110,101.518,163,105.49,117,92.1215,15,89.5783,12,15.9115,45,"10"
"198",2021,"Villanova",66.2426,300,65.0666,320,113.621,9,118.602,9,100.98,155,95.984,68,22.6184,12,"5"
"199",2021,"Virginia",60.7903,347,60.0732,357,112.421,14,115.637,12,98.7173,97,92.9824,33,22.6542,11,"4"
"200",2021,"Virginia Tech",66.4982,291,66.1503,293,106.985,60,110.048,55,97.7696,75,94.8276,54,15.2207,50,"10"
"201",2021,"West Virginia",70.6837,104,69.6016,114,107.886,55,116.128,11,100.446,142,95.8073,65,20.3206,27,"3"
"202",2021,"Wichita St.",67.952,231,67.5992,225,104.413,103,109.988,56,100.617,150,98.4414,103,11.5469,74,"11"
"203",2021,"Winthrop",72.7021,40,73.6395,11,109.293,36,105.093,120,91.6949,14,96.1535,70,8.93908,91,"12"
"204",2021,"Wisconsin",65.7692,317,64.9341,326,105.076,91,112.522,32,97.043,66,89.8672,13,22.6545,10,"9"
"205",2019,"Abilene Christian",66.5681,293,66.0042,254,107.102,87,103.625,186,96.7466,43,101.539,119,2.08626,145,"15"
"206",2019,"Arizona St.",72.1332,45,70.4917,46,106.426,102,109.774,68,99.8027,94,98.5646,79,11.2091,61,"11"
"207",2019,"Auburn",68.8594,182,67.5363,166,113.662,14,119.571,8,99.1996,77,96.2397,45,23.3317,13,"5"
"208",2019,"Baylor",66.6446,289,65.2511,291,107.248,83,113.517,28,100.481,114,98.2238,75,15.2935,41,"9"
"209",2019,"Belmont",74.2457,13,71.1231,31,116.393,5,114.834,20,99.6691,89,101.76,127,13.0739,54,"11"
"210",2019,"Bradley",65.8042,316,65.0632,299,100.293,246,100.892,246,98.6984,66,101.25,117,-0.358275,165,"15"
"211",2019,"Buffalo",74.6814,10,73.7602,9,112.955,17,114.89,19,94.4045,13,94.5531,29,20.337,22,"6"
"212",2019,"Cincinnati",64.8024,338,63.1993,338,109.572,46,111.566,46,95.5241,27,94.515,28,17.0509,32,"7"
"213",2019,"Colgate",67.5448,255,66.3489,236,110.64,37,110.038,63,102.764,167,105.751,202,4.2867,129,"15"
"214",2019,"Duke",73.6764,19,72.2115,18,113.184,15,120.084,6,91.745,8,88.0911,6,31.9925,3,"1"
"215",2019,"Fairleigh Dickinson",67.8895,237,66.7742,214,108.37,65,106.184,137,104.709,214,110.432,295,-4.2487,208,"16"
"216",2019,"Florida",64.8004,339,62.6903,346,104.227,148,110.219,60,97.2175,48,91.895,14,18.3239,28,"10"
"217",2019,"Florida St.",69.2552,155,68.2507,135,106.629,95,112.987,31,95.7851,33,90.4293,9,22.5574,14,"4"
"218",2019,"Gardner Webb",68.3164,218,67.0883,196,108.532,62,107.475,111,105.231,231,108.218,253,-0.743522,167,"16"
"219",2019,"Georgia St.",71.0957,78,69.8602,67,106.563,97,107.886,107,102.734,166,102.289,137,5.59737,111,"14"
"220",2019,"Gonzaga",71.5883,58,69.7687,70,123.829,1,125.125,1,90.7597,5,92.336,16,32.7887,2,"1"
"221",2019,"Houston",67.4728,256,66.1482,247,112.096,25,114.118,24,91.1078,6,91.6934,13,22.4249,15,"3"
"222",2019,"Iona",71.3027,67,70.5217,45,107.93,73,106.514,132,105.576,241,109.593,275,-3.07828,197,"16"
"223",2019,"Iowa",70.2251,106,69.3715,82,110.452,38,117.163,15,104.226,195,101.207,115,15.9555,36,"10"
"224",2019,"Iowa St.",68.6743,188,67.6056,161,112.927,18,118.992,9,99.678,90,97.1452,59,21.8472,16,"6"
"225",2019,"Kansas",70.6439,89,69.9355,64,105.568,119,112.746,34,98.4952,64,92.0406,15,20.7051,20,"4"
"226",2019,"Kansas St.",64.9201,336,63.0414,342,101.553,213,107.96,102,91.5612,7,87.7377,4,20.2225,23,"4"
"227",2019,"Kentucky",67.8907,236,65.8287,265,112.784,19,118.223,13,95.68,30,90.8094,12,27.4133,7,"2"
"228",2019,"Liberty",64.9577,335,61.7759,349,111.547,29,110.565,56,95.7813,32,99.7435,96,10.8215,63,"12"
"229",2019,"Louisville",68.4904,205,67.1312,194,107.243,84,113.376,29,97.6744,52,92.4055,17,20.9708,17,"7"
"230",2019,"LSU",70.5931,90,69.8753,66,112.474,21,118.485,10,100.645,118,97.5196,62,20.9656,18,"3"
"231",2019,"Marquette",70.6568,88,68.5839,116,108.714,61,114.15,23,96.7389,42,95.7294,35,18.4207,27,"5"
"232",2019,"Maryland",66.2805,303,65.6376,274,107.334,78,113.82,27,98.4651,63,93.8429,22,19.9776,24,"6"
"233",2019,"Michigan",65.2647,329,64.4257,320,107.986,72,115.516,18,89.8084,3,86.081,2,29.4352,5,"2"
"234",2019,"Michigan St.",68.4006,212,67.4035,182,114.269,9,121.729,4,95.0157,22,90.3679,8,31.3607,4,"2"
"235",2019,"Minnesota",67.9778,234,67.4509,176,103.298,166,110.671,54,101.467,138,96.2136,44,14.4575,47,"10"
"236",2019,"Mississippi",69.2037,159,68.3346,129,108.408,64,112.779,33,101.248,132,97.6963,65,15.0831,44,"8"
"237",2019,"Mississippi St.",68.5278,200,67.4194,178,111.932,26,117.395,14,101.401,135,96.7173,51,20.6776,21,"5"
"238",2019,"Montana",68.3879,213,66.5497,225,111.502,31,107.36,115,100.898,124,103.814,161,3.54691,137,"15"
"239",2019,"Murray St.",71.1289,76,69.0116,98,114.766,8,112.038,41,96.0872,38,98.706,81,13.3317,52,"12"
"240",2019,"Nevada",70.9379,87,69.2146,88,113.948,11,114,26,94.465,14,95.0771,33,18.9229,25,"7"
"241",2019,"New Mexico St.",67.9012,235,65.5861,278,113.701,13,112.605,37,95.2348,24,99.0173,83,13.588,49,"12"
"242",2019,"North Carolina",76.1162,4,74.2921,5,112.438,22,119.872,7,95.8954,34,90.701,10,29.171,6,"1"
"243",2019,"North Carolina Central",67.1363,276,65.2069,292,100.502,240,96.6416,301,100.749,120,108.528,256,-11.8864,303,"16"
"244",2019,"North Dakota St.",66.4861,295,64.7859,312,108.198,69,106.552,127,110.054,314,109.751,278,-3.19855,199,"16"
"245",2019,"Northeastern",66.215,305,66.0293,252,112.969,16,111.465,48,104.428,202,102.718,145,8.74685,79,"13"
"246",2019,"Northern Kentucky",69.2867,153,67.9179,145,111.424,33,109.235,77,100.467,112,102.676,144,6.55918,100,"14"
"247",2019,"Ohio St.",66.8768,281,65.6907,272,103.341,165,109.268,75,98.9532,69,94.1896,27,15.0781,45,"11"
"248",2019,"Oklahoma",69.7223,133,68.6808,112,101.398,216,109.401,73,98.1919,58,93.8663,23,15.5345,38,"9"
"249",2019,"Old Dominion",65.4732,326,64.2892,325,101.139,221,101.929,216,93.0411,10,96.3508,48,5.57853,112,"14"
"250",2019,"Oregon",65.9065,315,64.0656,328,106.247,107,107.7,108,94.5948,18,92.5481,18,15.1521,43,"12"
"251",2019,"Prairie View A&M",72.5879,35,70.961,34,103.12,171,101.53,226,99.7542,91,105.838,205,-4.30871,209,"16"
"252",2019,"Purdue",66.3591,300,65.6263,276,113.828,12,121.093,5,99.7844,93,95.0422,32,26.0512,10,"3"
"253",2019,"Saint Louis",66.865,283,66.0798,250,100.399,244,102.575,205,95.4529,26,96.3024,46,6.27254,104,"13"
"254",2019,"Saint Mary's",64.5057,342,62.6466,347,112.69,20,114.634,21,99.1877,76,96.9231,55,17.7106,31,"11"
"255",2019,"Seton Hall",70.1052,116,68.9235,102,104.576,143,109.303,74,100.893,123,96.3961,49,12.9072,55,"10"
"256",2019,"St. John's",72.3507,43,70.4832,48,105.988,110,109.671,69,102.514,162,100.92,111,8.75182,78,"11"
"257",2019,"Syracuse",67.2957,267,66.0629,251,103.506,160,110.213,61,97.0521,45,93.9133,24,16.3,35,"8"
"258",2019,"Temple",70.1158,115,68.7589,109,105.306,126,108.851,86,100.186,108,99.4587,90,9.3923,76,"11"
"259",2019,"Tennessee",69.3874,149,67.703,155,116.307,6,122.479,3,98.9814,71,95.4987,34,26.98,8,"2"
"260",2019,"Texas Tech",67.7066,246,66.5403,226,108.08,70,112.694,36,87.1746,1,85.9468,1,26.7476,9,"3"
"261",2019,"UC Irvine",66.0757,310,65.0838,296,108.285,67,106.606,125,94.5646,17,97.144,58,9.46217,75,"13"
"262",2019,"UCF",67.106,278,64.7843,313,107.069,88,110.31,58,95.5875,28,95.7335,36,14.5761,46,"9"
"263",2019,"Utah St.",69.8786,123,67.7963,151,112.264,24,112.966,32,95.2464,25,96.3467,47,16.6198,34,"8"
"264",2019,"VCU",68.9655,174,68.1835,136,102.78,179,104.312,172,88.5061,2,88.6222,7,15.6895,37,"8"
"265",2019,"Vermont",65.7063,320,65.3218,285,109.909,43,107.949,103,94.7423,21,99.2286,84,8.72064,80,"13"
"266",2019,"Villanova",65.668,321,63.6099,333,112.402,23,116.973,16,101.437,136,98.1987,73,18.7745,26,"6"
"267",2019,"Virginia",61.0806,353,59.2665,353,117.113,4,123.571,2,90.0009,4,87.9163,5,35.6552,1,"1"
"268",2019,"Virginia Tech",64.36,344,63.2505,337,114.004,10,118.433,11,95.6855,31,93.9634,25,24.4696,11,"4"
"269",2019,"Washington",67.1691,274,65.8589,263,103.564,157,106.98,119,95.6117,29,93.6134,20,13.3669,51,"9"
"270",2019,"Wisconsin",64.8745,337,63.61,332,104.289,147,110.809,52,92.8886,9,87.134,3,23.675,12,"5"
"271",2019,"Wofford",68.1431,225,65.6363,275,117.982,3,118.357,12,97.8958,55,97.6422,63,20.7146,19,"7"
"272",2019,"Yale",72.5605,37,70.7049,44,110.061,42,111.702,44,100.041,102,103.115,149,8.58693,82,"14"
"273",2018,"Alabama",70.2901,122,68.7962,137,102.776,209,108.459,115,99.7099,59,94.6334,13,13.8252,51,"9"
"274",2018,"Arizona",68.7501,209,67.313,215,115.915,12,119.012,15,101.893,119,99.6425,70,19.3692,21,"4"
"275",2018,"Arizona St.",72.6271,38,71.5605,36,114.116,19,117.651,17,103.283,160,102.937,124,14.714,45,"11"
"276",2018,"Arkansas",71.4084,70,69.6899,90,112.175,30,117.32,19,105.171,211,101.685,103,15.635,37,"7"
"277",2018,"Auburn",73.4691,23,72.2946,21,113.46,26,118.196,16,99.9304,64,97.5614,44,20.6348,16,"4"
"278",2018,"Bucknell",72.5377,42,71.4452,37,110.427,55,109.182,99,98.86,47,102.368,112,6.8137,100,"14"
"279",2018,"Buffalo",73.8527,18,72.8022,15,113.539,23,114.284,42,102.44,131,103.791,138,10.4931,77,"13"
"280",2018,"Butler",69.8415,149,67.8456,189,110.897,51,115.758,32,102.037,121,97.8916,48,17.8667,25,"10"
"281",2018,"Cal St. Fullerton",69.761,155,69.5384,97,102.99,200,104.984,176,101.526,110,103.669,134,1.3154,153,"15"
"282",2018,"Cincinnati",66.3915,311,64.6798,322,112.022,32,113.155,54,86.3964,1,86.158,2,26.9966,4,"2"
"283",2018,"Clemson",67.1166,280,65.6205,297,108.129,94,113.774,48,97.3446,26,93.5052,8,20.2693,19,"5"
"284",2018,"College of Charleston",65.9339,324,64.6463,324,111.949,33,109.887,87,103.526,167,105.153,167,4.73418,120,"13"
"285",2018,"Creighton",72.987,29,70.8444,53,114.134,18,116.454,22,102.198,127,99.1744,61,17.2792,27,"8"
"286",2018,"Davidson",65.0307,335,64.1645,335,116.159,9,117.399,18,102.197,126,102.494,115,14.9051,43,"12"
"287",2018,"Duke",71.0479,91,70.0021,78,118.705,4,122.602,3,97.3075,24,93.467,7,29.1348,3,"2"
"288",2018,"Florida",68.2257,234,66.7986,239,109.73,61,115.14,37,100.621,81,96.4262,25,18.7137,23,"6"
"289",2018,"Florida St.",72.5734,40,71.6051,31,110.767,52,115.822,30,101.381,102,99.9984,76,15.8239,35,"9"
"290",2018,"Georgia St.",67.7416,249,66.8969,236,108.676,83,109.045,101,98.4189,37,101.835,106,7.20921,96,"15"
"291",2018,"Gonzaga",69.407,174,68.9851,125,120.03,2,119.824,12,95.1115,14,95.0891,17,24.7352,8,"4"
"292",2018,"Houston",68.3795,220,68.2176,174,112.888,28,115.787,31,94.8876,13,95.2473,18,20.5396,17,"6"
"293",2018,"Iona",71.5971,62,70.6965,56,109.478,67,110.261,80,104.196,186,107.388,212,2.87263,134,"15"
"294",2018,"Kansas",70.1467,130,68.4279,161,116.004,11,120.933,6,101.438,104,97.6938,46,23.2388,9,"1"
"295",2018,"Kansas St.",66.6026,300,65.5437,302,108.258,90,112.178,60,101.624,112,97.4236,41,14.7543,44,"9"
"296",2018,"Kentucky",69.7603,156,68.5818,154,109.59,64,116.426,25,100.553,79,96.019,23,20.4069,18,"5"
"297",2018,"Lipscomb",76.5171,5,74.8966,5,104.015,170,103.793,197,100.682,82,103.43,131,0.363623,165,"15"
"298",2018,"LIU Brooklyn",72.4794,44,71.3779,39,105.478,135,103.335,211,105.473,222,111.135,294,-7.80028,251,"16"
"299",2018,"Loyola Chicago",65.8676,325,65.3221,312,108.717,81,111.331,68,93.9293,6,96.1911,24,15.1402,41,"11"
"300",2018,"Marshall",75.9031,7,74.8308,6,108.999,76,109.328,96,102.915,146,103.944,144,5.38402,114,"13"
"301",2018,"Miami FL",68.0632,242,67.0632,225,107.873,99,113.309,52,99.1152,50,97.5988,45,15.7103,36,"6"
"302",2018,"Michigan",65.4195,330,64.3592,333,111.172,45,115.9,29,96.4552,17,92.7095,5,23.1909,10,"3"
"303",2018,"Michigan St.",68.2843,227,67.1449,222,117.987,6,119.983,9,94.8872,12,93.6364,9,26.3461,6,"3"
"304",2018,"Missouri",67.2155,276,65.6199,298,108.104,95,113.275,53,100.751,84,97.803,47,15.4717,38,"8"
"305",2018,"Montana",69.8542,147,67.9708,183,110.016,56,110.144,82,96.8396,20,99.3132,65,10.8304,71,"14"
"306",2018,"Murray St.",67.6785,253,67.3002,216,114.708,15,113.139,56,97.5056,30,100.444,82,12.6951,59,"12"
"307",2018,"Nevada",70.7918,97,69.4886,99,116.286,8,119.901,10,101.735,114,101.72,105,18.1814,24,"7"
"308",2018,"New Mexico St.",69.8333,152,68.2276,173,107.914,97,108.457,116,92.5302,4,94.9001,14,13.5573,55,"12"
"309",2018,"North Carolina",71.3754,75,70.9501,50,114.305,17,121.959,4,102.487,133,96.9241,34,25.0348,7,"2"
"310",2018,"North Carolina Central",67.8052,246,64.9456,320,103.453,185,98.1525,301,103.512,166,110.889,288,-12.7366,309,"16"
"311",2018,"North Carolina St.",72.0431,53,71.3548,40,111.861,36,116.426,24,103.121,155,101.294,99,15.1323,42,"9"
"312",2018,"Ohio St.",67.4903,259,66.3996,260,111.339,42,116.15,27,97.878,32,95.0408,16,21.1094,15,"5"
"313",2018,"Oklahoma",76.7604,4,75.8225,4,109.892,58,115.128,38,105.885,230,100.709,83,14.419,47,"10"
"314",2018,"Penn",70.0693,135,68.8538,131,105.352,136,103.553,205,96.7516,19,99.8577,73,3.69539,127,"16"
"315",2018,"Providence",69.5072,166,67.0963,223,104.379,162,108.926,104,102.961,147,97.0075,35,11.9189,63,"10"
"316",2018,"Purdue",68.1661,236,67.2291,219,118.518,5,123.248,2,96.6679,18,96.5818,28,26.6663,5,"2"
"317",2018,"Radford",63.2984,350,62.7351,346,104.001,171,103.581,203,100.509,77,103.629,133,-0.0477779,170,"16"
"318",2018,"Rhode Island",69.1899,184,68.6547,146,109.867,59,111.71,66,98.0447,34,97.328,38,14.3818,49,"7"
"319",2018,"San Diego St.",70.348,115,68.6523,147,109.484,66,111.286,69,97.2819,23,97.1358,36,14.1504,50,"11"
"320",2018,"Seton Hall",70.9905,93,69.3438,104,110.561,53,116.335,26,102.558,135,98.9994,58,17.3352,26,"8"
"321",2018,"South Dakota St.",72.0656,52,70.2629,71,114.095,20,114.629,41,103.379,162,104.038,148,10.5907,75,"12"
"322",2018,"St. Bonaventure",69.1907,183,69.2408,109,111.094,48,112.288,59,101.078,93,101.093,94,11.1954,69,"11"
"323",2018,"Stephen F. Austin",72.7304,36,71.1416,48,107.235,107,104.983,177,93.9618,8,99.4206,67,5.56289,111,"14"
"324",2018,"Syracuse",64.5151,342,63.3993,342,103.016,198,107.705,128,98.3289,35,94.1122,11,13.5929,54,"11"
"325",2018,"TCU",70.299,120,68.7039,142,116.043,10,120.625,8,106.375,241,101.705,104,18.9201,22,"6"
"326",2018,"Tennessee",67.2695,271,66.1739,271,109.697,62,114.839,40,97.8825,33,92.6901,4,22.1486,11,"3"
"327",2018,"Texas",67.0269,283,65.2086,315,103.408,187,109.372,94,98.631,43,93.914,10,15.4577,39,"10"
"328",2018,"Texas A&M",70.6258,103,69.0256,120,105.931,128,111.204,71,99.0639,48,94.2949,12,16.9086,30,"7"
"329",2018,"Texas Southern",72.541,41,71.5742,35,106.41,122,105.281,173,109.311,287,112.94,315,-7.659,249,"16"
"330",2018,"Texas Tech",68.3794,221,66.5709,248,109.214,71,114.03,46,94.2083,10,92.0873,3,21.9424,12,"3"
"331",2018,"UCLA",71.5042,65,70.5038,57,111.895,34,116.447,23,104.073,183,102.063,110,14.3834,48,"11"
"332",2018,"UMBC",69.0605,193,68.1857,177,104.772,156,103.389,208,102.773,141,105.297,170,-1.9086,184,"16"
"333",2018,"UNC Greensboro",66.0852,320,64.9776,318,106.847,112,105.672,164,93.961,7,96.6156,30,9.0562,82,"13"
"334",2018,"Villanova",70.2475,125,68.277,168,122.829,1,127.384,1,99.8803,63,95.9749,22,31.4091,2,"1"
"335",2018,"Virginia",60.5283,351,59.1912,351,111.133,46,116.528,21,88.0409,2,84.3753,1,32.1527,1,"1"
"336",2018,"Virginia Tech",69.9523,141,68.6757,144,112.152,31,115.016,39,101.421,103,98.3773,54,16.6388,32,"8"
"337",2018,"West Virginia",70.3445,116,69.0413,117,113.004,27,119.151,14,98.4694,39,97.3766,39,21.7748,13,"5"
"338",2018,"Wichita St.",69.9288,143,68.6357,149,117.841,7,121.925,5,101.934,120,101.857,107,20.068,20,"4"
"339",2018,"Wright St.",69.7118,157,68.2124,175,101.383,238,101.068,248,94.0649,9,98.251,53,2.81674,135,"14"
"340",2018,"Xavier",72.1555,51,70.4307,61,115.53,13,120.74,7,102.209,128,99.0492,59,21.6909,14,"1"
"341",2017,"Arizona",67.3107,276,65.6678,278,113.069,19,117.585,20,97.3254,43,94.8418,29,22.7427,19,"2"
"342",2017,"Arkansas",71.4812,75,69.4151,96,111.441,36,116.639,26,103.717,180,101.04,97,15.5987,38,"8"
"343",2017,"Baylor",64.7766,335,63.0844,337,110.829,44,117.289,22,97.4975,45,92.281,14,25.0078,13,"3"
"344",2017,"Bucknell",70.4393,120,69.6888,87,108.236,78,109.074,86,96.036,32,100.358,89,8.71601,80,"13"
"345",2017,"Butler",66.9222,286,65.3305,294,112.888,22,117.971,17,101.51,129,97.0613,49,20.9097,26,"4"
"346",2017,"Cincinnati",65.3743,323,63.7687,327,112.406,26,114.215,35,92.6982,10,91.8982,10,22.3165,22,"6"
"347",2017,"Creighton",72.5417,45,70.8829,48,112.19,30,115.639,32,100.347,94,96.0487,40,19.5902,27,"6"
"348",2017,"Dayton",69.3093,186,68.5788,138,109.246,61,112.3,49,95.9768,31,96.6262,45,15.6735,36,"7"
"349",2017,"Duke",69.7368,158,67.9699,182,115.574,12,120.988,6,100.308,92,95.8991,39,25.0887,12,"2"
"350",2017,"East Tennessee St.",71.5356,73,70.0234,71,109.91,54,107.974,109,96.2229,35,96.4902,44,11.4836,64,"13"
"351",2017,"Florida",70.5621,113,68.8208,121,109.917,53,115.851,31,93.6551,11,89.4618,4,26.3891,9,"4"
"352",2017,"Florida Gulf Coast",67.7999,260,65.2507,298,111.909,32,109.563,81,102.889,160,104.547,171,5.016,108,"14"
"353",2017,"Florida St.",72.3678,50,70.7622,52,113.774,17,116.738,25,98.6561,61,93.9951,24,22.7426,20,"3"
"354",2017,"Gonzaga",70.8928,99,70.022,72,119.293,2,120.711,10,86.2747,1,87.6571,2,33.0538,1,"1"
"355",2017,"Iona",72.4396,48,70.4839,57,110.079,52,110.197,69,103.915,186,106.195,202,4.00176,118,"14"
"356",2017,"Iowa St.",70.637,110,68.1638,171,112.325,28,119.541,13,100.85,108,96.4283,43,23.113,17,"5"
"357",2017,"Jacksonville St.",64.9709,331,63.5728,329,105.63,128,105.363,153,103.909,185,104.78,177,0.583245,158,"15"
"358",2017,"Kansas",71.434,78,70.2533,66,114.544,14,120.833,9,100.058,82,94.8585,30,25.975,10,"1"
"359",2017,"Kansas St.",67.6069,268,66.1487,266,105.897,122,112.038,50,98.5579,60,94.4839,27,17.5538,29,"11"
"360",2017,"Kent St.",70.382,124,68.2714,163,105.728,126,104.421,169,101.445,125,102.687,132,1.73415,141,"14"
"361",2017,"Kentucky",74.8355,13,72.7658,16,114.251,16,119.139,14,95.2333,23,91.8728,9,27.2664,4,"2"
"362",2017,"Louisville",68.8805,214,67.9905,180,111.775,34,117.179,23,95.3237,25,90.4602,6,26.7186,6,"2"
"363",2017,"Marquette",71.0408,92,69.9346,78,115.653,11,120.943,7,105.356,219,103.371,153,17.5711,28,"10"
"364",2017,"Maryland",67.8486,253,67.0658,221,108.151,80,113.565,40,100.798,105,98.7271,64,14.838,45,"6"
"365",2017,"Miami FL",64.8294,332,62.9821,338,106.563,108,110.386,68,98.2915,56,93.4254,21,16.9602,32,"8"
"366",2017,"Michigan",63.6862,347,62.8409,339,116.209,10,121.592,5,101.796,134,98.9742,69,22.618,21,"7"
"367",2017,"Michigan St.",68.2354,244,66.7308,240,104.856,146,110.569,66,99.8615,78,95.5936,34,14.9753,43,"9"
"368",2017,"Middle Tennessee",66.0809,311,64.2498,314,111.884,33,111.64,55,95.4354,28,96.9823,47,14.6582,48,"12"
"369",2017,"Minnesota",70.4492,119,69.3901,97,104.14,159,109.574,80,95.8428,30,92.9833,18,16.5907,33,"5"
"370",2017,"Mount St. Mary's",68.6019,229,66.8082,236,99.3625,255,98.9775,270,99.4208,68,103.211,150,-4.23312,213,"16"
"371",2017,"Nevada",70.915,97,69.6483,88,112.28,29,114.477,34,99.7493,75,101.135,100,13.3415,55,"12"
"372",2017,"New Mexico St.",69.516,175,67.51,206,110.733,45,110.052,71,97.215,42,102.738,135,7.31463,88,"14"
"373",2017,"New Orleans",68.5799,230,66.1458,267,101.904,201,100.844,240,99.4903,69,101.362,102,-0.517773,178,"16"
"374",2017,"North Carolina",72.1311,54,70.6955,54,116.337,9,122.075,4,98.192,53,94.0654,25,28.0091,3,"1"
"375",2017,"North Carolina Central",68.1792,246,66.3643,255,107.657,87,102.796,204,93.6945,12,101.835,112,0.961015,153,"16"
"376",2017,"North Dakota",72.5927,43,71.25,38,106.471,111,102.854,202,100.326,93,103.166,144,-0.311268,173,"15"
"377",2017,"Northern Kentucky",70.1039,138,67.8323,194,106.891,100,106.647,132,102.563,151,105.311,188,1.33605,147,"15"
"378",2017,"Northwestern",66.2996,304,65.1075,300,107.189,94,111.189,58,98.4895,59,95.6778,35,15.511,39,"8"
"379",2017,"Notre Dame",67.853,252,67.0898,220,114.424,15,118.891,16,101.671,133,97.7973,57,21.0939,25,"5"
"380",2017,"Oklahoma St.",72.5806,44,70.289,64,116.954,7,124.834,1,107.54,259,102.73,134,22.1043,24,"10"
"381",2017,"Oregon",68.7979,216,66.7169,242,113.722,18,117.728,18,95.081,22,93.9002,22,23.8276,16,"3"
"382",2017,"Princeton",64.6464,337,63.1679,336,109.696,55,109.396,84,95.041,19,96.8962,46,12.5002,59,"12"
"383",2017,"Providence",67.7701,262,66.3485,259,103.256,174,108.021,108,98.2869,55,95.1217,33,12.8992,56,"11"
"384",2017,"Purdue",70.1097,137,68.8912,117,112.965,20,116.912,24,94.7469,18,92.6889,16,24.2236,15,"4"
"385",2017,"Rhode Island",67.321,275,66.1243,268,108.7,71,110.668,64,96.1015,33,95.0527,32,15.6156,37,"11"
"386",2017,"Saint Mary's",60.8363,350,59.2901,350,118.452,3,118.894,15,92.6317,9,94.2568,26,24.6377,14,"7"
"387",2017,"Seton Hall",68.913,210,67.2845,215,104.876,145,109.8,76,100.769,104,95.8517,37,13.9487,53,"9"
"388",2017,"SMU",63.8434,344,63.5675,330,116.641,8,120.073,11,93.8224,13,94.8141,28,25.2591,11,"6"
"389",2017,"South Carolina",69.4858,178,68.211,167,101.278,219,105.546,149,91.2888,5,88.5163,3,17.0302,31,"7"
"390",2017,"South Dakota St.",69.2887,187,67.0521,223,110.093,51,110.782,63,111.611,330,112.116,308,-1.33359,187,"16"
"391",2017,"Texas Southern",69.3789,184,68.4526,150,106.57,107,103.622,187,102.692,154,107.286,227,-3.66476,207,"16"
"392",2017,"Troy",69.173,196,68.0509,175,109.346,60,109.892,74,104.153,193,107.217,223,2.67571,130,"15"
"393",2017,"UC Davis",69.6431,165,68.4821,143,98.5122,275,97.8508,292,97.7913,49,102.603,126,-4.75235,218,"16"
"394",2017,"UCLA",74.8337,14,73.179,14,120.722,1,122.757,2,101.061,113,99.8057,78,22.9515,18,"3"
"395",2017,"UNC Wilmington",70.2375,132,70.0795,69,118.069,4,117.706,19,105.225,213,105.319,189,12.3867,60,"12"
"396",2017,"USC",70.8167,103,68.8968,116,110.855,43,112.508,46,102.912,161,100.168,86,12.3407,61,"11"
"397",2017,"Vanderbilt",67.1757,282,65.5596,283,105.957,120,112.303,48,100.9,111,96.065,41,16.2376,34,"9"
"398",2017,"VCU",68.8475,215,68.1834,169,106.826,102,110.018,73,95.0426,20,95.716,36,14.3025,52,"10"
"399",2017,"Vermont",65.2644,326,64.3336,313,112.739,23,110.832,61,96.2827,36,98.9477,67,11.8847,63,"13"
"400",2017,"Villanova",65.8287,314,63.9872,324,117.917,5,122.753,3,95.7139,29,91.9756,12,30.7772,2,"1"
"401",2017,"Virginia",60.098,351,58.8864,351,109.116,63,113.686,38,91.0938,4,87.0194,1,26.6671,7,"5"
"402",2017,"Virginia Tech",69.9367,151,68.2782,162,112.502,25,117.358,21,106.185,229,102.419,125,14.9395,44,"9"
"403",2017,"Wake Forest",71.6922,65,70.4705,58,115.266,13,120.873,8,109.04,293,103.6,160,17.2722,30,"11"
"404",2017,"West Virginia",71.479,76,69.8998,79,112.338,27,116.472,28,91.646,7,89.6731,5,26.7991,5,"4"
"405",2017,"Wichita St.",69.6587,163,68.6272,135,117.578,6,119.636,12,90.085,2,93.2236,19,26.4121,8,"10"
"406",2017,"Winthrop",71.226,85,70.9519,44,108.867,68,106.436,136,97.0163,41,101.809,111,4.62694,112,"13"
"407",2017,"Wisconsin",64.5856,339,63.2884,333,110.209,50,113.589,39,94.0971,16,91.2963,8,22.2926,23,"8"
"408",2017,"Xavier",68.3481,239,67.1917,219,108.762,70,114.744,33,103.983,189,99.4255,73,15.3189,40,"11"
"409",2016,"Holy Cross",64.729,338,63.6033,338,99.1292,264,97.0369,306,105.656,220,108.525,251,-11.4879,286,"16"
"410",2016,"Fairleigh Dickinson",71.8212,56,71.1346,48,105.805,128,104.836,168,107.841,270,114.583,334,-9.74686,270,"16"
"411",2016,"Hampton",71.8773,53,71.2725,44,102.131,209,99.7519,258,100.925,106,106.561,209,-6.80879,241,"16"
"412",2016,"Austin Peay",70.3103,102,69.3154,105,104.791,158,104.005,177,108.127,280,109.104,264,-5.09934,219,"16"
"413",2016,"UNC Asheville",70.5102,96,70.1811,74,104.894,154,103.529,185,97.0228,36,99.3166,76,4.21193,122,"15"
"414",2016,"UNC Wilmington",70.5306,95,70.1618,75,109.082,71,110.051,86,100.524,102,100.792,101,9.25855,82,"13"
"415",2016,"Oregon St.",68.5821,194,67.1452,221,104.95,149,110.836,72,102.881,148,98.3992,62,12.4371,60,"7"
"416",2016,"Saint Joseph's",70.4815,99,70.3117,68,109.969,58,113.435,38,98.8604,62,98.7988,63,14.6358,43,"8"
"417",2016,"Colorado",71.0226,80,68.9529,121,105.3,139,108.785,98,98.86,61,95.1948,26,13.5905,54,"8"
"418",2016,"Providence",69.85,130,68.4903,143,104.928,150,109.321,93,98.7422,60,95.7275,35,13.5932,53,"9"
"419",2016,"Butler",70.1183,112,67.7286,186,113.775,18,117.318,17,101.794,127,101.468,115,15.8497,39,"9"
"420",2016,"Utah",67.2963,260,65.2107,307,111.524,37,115.673,27,101.349,121,97.5601,51,18.1129,28,"3"
"421",2016,"Vanderbilt",69.19,163,67.7217,187,110.017,55,114.458,30,96.8101,33,94.5381,21,19.9195,23,"11"
"422",2016,"Maryland",66.9454,277,67.2907,212,112.511,26,116.294,25,99.0853,69,95.5806,31,20.7136,22,"5"
"423",2016,"Iowa St.",71.7188,59,71.0322,54,112.951,22,121.033,5,103.652,168,99.9576,88,21.0754,21,"4"
"424",2016,"Miami FL",66.1954,304,65.897,278,113.767,19,118.848,12,101.002,110,95.9995,36,22.848,11,"3"
"425",2016,"Oklahoma",71.2898,72,69.8681,84,111.285,39,117.285,18,97.6891,43,92.4357,11,24.849,8,"2"
"426",2016,"Kentucky",68.1451,222,66.9955,232,116.122,8,122.508,2,99.1131,70,97.3082,48,25.1996,7,"4"
"427",2016,"Kansas",69.2473,157,68.811,130,114.369,15,120.379,7,96.1366,29,90.575,4,29.804,1,"1"
"428",2016,"Southern",69.4786,146,68.9507,122,102.543,202,100.906,236,99.7801,85,106.217,202,-5.31079,223,"16"
"429",2016,"Florida Gulf Coast",69.0003,175,66.5831,247,106.57,116,102.917,199,102.335,138,104.307,175,-1.39023,179,"16"
"430",2016,"Buffalo",72.3903,41,71.9828,28,104.917,152,105.541,163,103.878,171,102.83,140,2.71119,141,"14"
"431",2016,"Weber St.",68.5252,197,66.9958,231,107.01,106,103.593,183,98.1506,50,100.851,103,2.74146,140,"15"
"432",2016,"Middle Tennessee",69.2026,161,67.5556,197,104.147,175,103.144,194,98.3849,54,99.21,74,3.93408,128,"15"
"433",2016,"Green Bay",76.8253,5,76.1219,5,107.029,104,108.225,107,103.144,152,104.236,170,3.98885,127,"14"
"434",2016,"Cal St. Bakersfield",68.1166,224,67.6197,192,104.634,162,103.37,188,92.1481,4,96.8714,42,6.49871,107,"15"
"435",2016,"Fresno St.",70.1189,111,68.9375,123,104.645,161,107.084,130,99.8094,86,100.385,95,6.69862,106,"14"
"436",2016,"Chattanooga",67.4188,253,66.1763,263,109.685,64,107.156,129,98.6493,58,99.7384,86,7.41784,104,"12"
"437",2016,"Iona",72.3431,42,71.7927,33,109.763,63,110.602,78,100.984,108,102.768,138,7.8333,99,"13"
"438",2016,"Temple",66.0022,313,65.9852,273,102.785,197,106.619,141,100.746,105,98.2712,60,8.34785,95,"10"
"439",2016,"Stony Brook",67.5992,245,66.9582,237,111.257,41,107.481,122,95.9682,27,98.9433,70,8.53773,92,"13"
"440",2016,"South Dakota St.",68.629,191,68.2819,155,110.364,51,110.826,73,100.037,90,101.245,109,9.58182,80,"12"
"441",2016,"Northern Iowa",63.7045,346,62.3968,346,105.503,132,108.298,104,98.1641,51,98.2039,58,10.0945,76,"11"
"442",2016,"Hawaii",71.2522,75,70.5206,59,107.946,91,108.243,106,92.6195,6,96.5071,39,11.736,63,"13"
"443",2016,"Tulsa",69.0244,172,68.4348,146,106.594,115,111.352,66,100.324,96,99.564,82,11.788,62,"11"
"444",2016,"Arkansas Little Rock",64.0516,344,63.2633,342,108.823,75,108.951,95,93.1235,8,95.6244,32,13.3265,57,"12"
"445",2016,"Dayton",68.781,189,67.8498,177,105.445,135,106.934,135,94.5946,18,93.5907,18,13.3434,56,"7"
"446",2016,"Yale",66.9779,276,65.9753,274,110.744,45,109.51,91,94.2337,15,95.6837,33,13.8265,51,"12"
"447",2016,"Stephen F. Austin",69.1402,164,67.4268,207,115.066,11,111.339,67,93.0518,7,96.9336,43,14.405,45,"14"
"448",2016,"Michigan",65.9924,314,65.9134,276,112.432,28,115.094,29,102.956,150,100.54,98,14.5538,44,"11"
"449",2016,"Texas Tech",66.9205,280,65.9989,272,107.068,103,113.846,35,103.316,156,99.1212,73,14.7244,42,"8"
"450",2016,"USC",72.8841,29,71.1914,46,109.548,66,113.901,34,101.294,115,99.116,72,14.7848,41,"8"
"451",2016,"Syracuse",65.2376,330,64.9033,314,106.806,109,111.357,65,99.7255,84,95.507,30,15.8501,38,"10"
"452",2016,"Notre Dame",65.4047,326,64.933,312,115.106,10,119.69,9,107.796,269,103.709,155,15.9813,37,"6"
"453",2016,"Pittsburgh",66.4386,296,65.557,295,112.668,25,115.484,28,102.873,147,99.2827,75,16.2013,35,"10"
"454",2016,"VCU",69.9071,128,69.4498,97,109.987,57,110.984,69,95.4471,23,94.769,22,16.2152,34,"10"
"455",2016,"Wisconsin",64.0913,343,63.2633,343,106.662,113,111.769,57,99.9787,89,95.4038,28,16.3651,33,"7"
"456",2016,"Texas",66.9315,279,65.1637,309,105.726,129,112.821,46,101.058,111,95.7146,34,17.1061,32,"6"
"457",2016,"Cincinnati",65.806,321,64.1147,332,108.015,89,110.035,87,93.5777,9,92.8755,12,17.1593,31,"9"
"458",2016,"Seton Hall",70.6797,93,69.4734,96,105.725,130,111.433,63,95.663,26,93.7641,19,17.6691,30,"6"
"459",2016,"Connecticut",66.4159,298,65.7403,288,108.729,77,111.651,61,93.7251,10,92.899,13,18.752,27,"9"
"460",2016,"Gonzaga",68.325,212,67.1988,215,116.179,7,116.44,22,97.8566,47,97.1644,47,19.2756,26,"11"
"461",2016,"California",68.199,219,68.0218,165,109.094,70,112.902,45,97.4043,38,93.2625,15,19.6396,25,"4"
"462",2016,"Baylor",67.1496,266,66.4547,251,112.458,27,118.756,13,102.671,142,98.8407,65,19.9152,24,"5"
"463",2016,"Wichita St.",66.1715,307,65.8499,283,109.501,67,111.743,58,89.0509,1,90.5918,5,21.1508,20,"11"
"464",2016,"Iowa",69.2986,154,68.812,129,112.194,32,116.298,24,99.144,73,94.9421,23,21.3563,19,"7"
"465",2016,"Xavier",72.8035,32,71.9214,31,111.904,35,117.096,19,97.5523,41,95.3858,27,21.71,18,"2"
"466",2016,"Texas A&M",68.3815,208,66.5488,249,110.081,54,114.159,32,95.4495,24,92.3528,8,21.8057,17,"3"
"467",2016,"Arizona",70.0436,117,68.3189,151,113.644,20,117.368,16,96.3315,31,95.4851,29,21.8831,16,"6"
"468",2016,"Duke",68.4041,206,67.5008,202,118.081,4,121.786,3,105.037,201,99.7328,85,22.0532,14,"4"
"469",2016,"Oregon",69.4792,145,68.0532,163,112.707,23,119.63,10,99.622,83,96.8455,41,22.7847,13,"1"
"470",2016,"Indiana",68.7995,188,67.7325,185,119.203,2,120.855,6,100.165,92,98.0589,55,22.7957,12,"5"
"471",2016,"Purdue",67.8939,231,67.5995,195,114.086,16,117,20,94.9121,20,92.4061,10,24.5939,9,"5"
"472",2016,"West Virginia",70.7679,88,69.3697,101,110.829,44,116.39,23,93.9723,14,90.4754,3,25.9146,6,"3"
"473",2016,"Villanova",67.6994,243,66.5578,248,113.604,21,118.299,15,93.853,11,91.552,7,26.7471,5,"2"
"474",2016,"North Carolina",70.7158,92,71.0747,51,116.284,6,121.139,4,98.6807,59,93.1009,14,28.0379,4,"1"
"475",2016,"Virginia",61.1656,351,60.6947,351,114.8,12,120.224,8,97.2545,37,91.1288,6,29.0952,3,"1"
"476",2016,"Michigan St.",66.9044,282,66.3201,256,118.21,3,123.022,1,93.8883,12,93.3408,16,29.6807,2,"2"
"477",2015,"Albany",61.2078,322,60.7359,318,106.836,67,106.463,116,98.1293,86,103.431,161,3.03231,134,"14"
"478",2015,"Arizona",66.8428,80,65.5943,94,113.625,17,118.227,11,87.414,4,85.9123,3,32.3143,3,"2"
"479",2015,"Arkansas",70.3181,10,69.1346,11,109.877,36,114.941,22,99.3058,114,97.964,67,16.9767,29,"5"
"480",2015,"Baylor",62.6602,286,61.2742,302,109.564,38,117.192,13,95.7085,41,93.7123,21,23.4796,13,"3"
"481",2015,"Belmont",67.4806,61,66.5706,57,109.106,42,109.115,70,103.917,213,107.619,245,1.49515,149,"15"
"482",2015,"Boise St.",62.3307,295,62.8256,248,109.924,33,111.769,50,95.9639,45,97.7869,65,13.9824,45,"11"
"483",2015,"Buffalo",68.8703,24,68.4522,19,108.964,45,111.344,53,99.2978,113,99.0045,90,12.339,57,"12"
"484",2015,"Butler",64.5773,190,63.0408,234,106.552,74,110.554,60,93.8813,21,90.9269,9,19.6267,21,"6"
"485",2015,"BYU",69.6639,14,69.7923,6,116.014,7,119.356,9,102.966,188,101.562,129,17.7947,27,"11"
"486",2015,"Cincinnati",59.4013,343,59.2099,341,104.058,124,108.353,82,92.4216,13,94.1045,25,14.2488,41,"8"
"487",2015,"Coastal Carolina",64.7621,174,63.6717,192,109.08,43,105.424,136,99.7059,120,103.803,169,1.6211,147,"16"
"488",2015,"Davidson",67.2527,69,66.5178,60,117.158,5,120.481,7,102.422,179,103.662,166,16.8188,30,"10"
"489",2015,"Dayton",64.3804,197,63.3147,216,105.537,93,108.983,72,94.1075,24,95.0972,39,13.8856,49,"11"
"490",2015,"Duke",66.5735,92,65.6368,90,120.499,2,124.253,3,97.7779,80,94.9453,37,29.3074,6,"1"
"491",2015,"Eastern Washington",68.4313,33,67.9604,25,114.793,13,112.165,46,107.62,296,109.197,281,2.96737,135,"13"
"492",2015,"Georgetown",64.6746,179,63.7582,185,107.548,59,113.166,37,98.2031,89,93.597,19,19.5694,22,"4"
"493",2015,"Georgia",64.7737,173,63.6563,194,103.296,143,109.524,66,96.9056,67,94.1302,27,15.3937,36,"10"
"494",2015,"Georgia St.",64.3117,203,62.5745,259,108.62,48,110.463,61,95.7931,43,100.687,112,9.77537,73,"14"
"495",2015,"Gonzaga",64.9509,162,64.2083,161,120.007,4,121.92,5,93.6311,20,92.9958,15,28.9239,7,"2"
"496",2015,"Hampton",69.1423,18,68.6346,18,96.6099,279,96.0398,304,98.5232,94,104.551,180,-8.51136,270,"16"
"497",2015,"Harvard",61.0411,326,61.137,309,101.729,181,103.686,173,93.6062,19,94.9442,36,8.74154,80,"13"
"498",2015,"Indiana",66.8559,79,66.0482,76,115.321,12,119.285,10,106.728,279,105.478,201,13.8074,50,"10"
"499",2015,"Iowa",64.3968,196,63.3054,218,107.06,65,113.359,33,96.2495,51,95.1085,40,18.251,25,"7"
"500",2015,"Iowa St.",69.8477,12,69.3108,10,112.195,23,120.166,8,99.1069,106,97.135,61,23.031,14,"3"
"501",2015,"Kansas",66.7924,82,66.6617,56,106.342,80,114.271,28,96.675,62,90.5293,8,23.7421,12,"2"
"502",2015,"Kentucky",63.8582,233,61.9696,278,115.91,9,121.27,6,83.6596,1,83.8367,1,37.4333,1,"1"
"503",2015,"Lafayette",64.6123,185,64.3104,153,113.655,15,112.691,41,111.764,336,114.45,335,-1.75874,188,"16"
"504",2015,"Louisville",66.242,106,64.8006,134,103.478,139,108.601,78,89.9282,6,88.176,5,20.4245,19,"4"
"505",2015,"LSU",69.7441,13,69.0966,13,103.515,138,108.743,75,95.1887,36,94.7996,34,13.9432,47,"9"
"506",2015,"Manhattan",67.9411,46,67.2455,36,101.28,189,101.932,215,97.7926,81,101.19,119,0.742583,155,"16"
"507",2015,"Maryland",64.7568,176,63.7514,187,106.605,69,111.125,55,97.3302,74,94.9328,35,16.1924,33,"4"
"508",2015,"Michigan St.",63.1326,267,62.8407,245,110.854,29,115.973,15,97.91,83,95.052,38,20.9213,18,"7"
"509",2015,"Mississippi",66.5662,93,65.6482,89,108.54,51,114.568,24,100.598,137,100.141,103,14.4267,38,"11"
"510",2015,"New Mexico St.",62.7648,282,62.9742,238,107.386,60,106.825,113,94.2235,25,99.8197,101,7.0055,94,"15"
"511",2015,"North Carolina",69.4319,16,69.0232,14,111.24,27,117.921,12,98.154,87,94.1249,26,23.7959,11,"4"
"512",2015,"North Carolina St.",64.4741,194,63.8463,177,108.152,54,114.001,29,101.056,149,98.6377,81,15.3629,37,"8"
"513",2015,"North Dakota St.",61.4249,317,60.2617,326,103.552,137,102.68,194,98.9607,105,102.079,140,0.601364,157,"15"
"514",2015,"North Florida",67.5625,59,66.7256,54,109.633,37,108.032,88,101.308,157,105.12,193,2.91181,137,"16"
"515",2015,"Northeastern",63.5304,250,63.0556,233,107.202,64,107.892,90,101.07,151,103.071,156,4.82045,119,"14"
"516",2015,"Northern Iowa",57.4039,350,58.014,348,112.497,22,115.17,19,92.7107,16,94.2192,28,20.9503,17,"5"
"517",2015,"Notre Dame",64.1137,217,63.2851,222,121.259,1,124.623,2,101.407,162,100.552,110,24.0703,10,"3"
"518",2015,"Ohio St.",66.193,109,65.1703,113,113.772,14,115.312,17,94.6393,31,94.3058,29,21.0066,16,"10"
"519",2015,"Oklahoma",68.1552,40,66.9861,47,104.826,107,111.785,49,91.3524,12,87.6854,4,24.1001,9,"3"
"520",2015,"Oklahoma St.",64.1568,213,62.7105,254,103.183,145,111.825,48,97.5475,78,95.6458,49,16.1789,34,"9"
"521",2015,"Oregon",67.7766,51,66.1195,73,108.976,44,114.457,26,103.417,198,101.273,122,13.1844,52,"8"
"522",2015,"Providence",65.7165,130,64.8656,133,106.002,85,112.954,38,99.2507,111,95.3871,43,17.5673,28,"6"
"523",2015,"Purdue",65.0474,159,63.9932,167,106.573,70,110.824,57,98.5303,95,96.8436,58,13.9802,46,"9"
"524",2015,"Robert Morris",66.7335,85,65.0415,123,103.062,151,102.327,205,100.76,142,103.869,171,-1.54229,183,"16"
"525",2015,"San Diego St.",60.2494,339,59.9465,335,100.656,205,104.401,159,87.3381,3,88.1829,6,16.2186,32,"8"
"526",2015,"SMU",62.9487,275,62.8424,244,109.913,34,113.524,31,94.6256,29,95.4867,45,18.0372,26,"6"
"527",2015,"St. John's",67.392,65,66.1943,68,104.366,117,110.125,63,99.3852,115,95.8018,51,14.3233,40,"9"
"528",2015,"Stephen F. Austin",67.8623,47,65.2365,110,115.74,10,114.494,25,96.5187,58,100.484,109,14.0106,44,"12"
"529",2015,"Texas",63.0775,269,61.7245,288,106.502,76,112.877,40,94.5966,28,92.759,13,20.1184,20,"11"
"530",2015,"Texas Southern",64.5564,191,62.9114,242,103.362,142,103.049,182,102.421,178,106.918,227,-3.8688,214,"15"
"531",2015,"UAB",65.4962,142,64.4025,150,101.144,192,104.585,156,99.5814,117,101.758,134,2.82779,138,"14"
"532",2015,"UC Irvine",64.0405,221,63.3775,210,103.694,133,105.818,127,98.2044,90,98.9592,88,6.85898,96,"13"
"533",2015,"UCLA",67.5367,60,65.4935,98,105.49,95,112.266,45,100.356,132,98.1315,72,14.1346,42,"11"
"534",2015,"Utah",62.6865,284,60.3923,322,113.65,16,116.433,14,91.0838,10,89.5299,7,26.9035,8,"5"
"535",2015,"Valparaiso",63.183,264,62.1996,270,107.552,58,106.629,114,93.9359,22,95.6594,50,10.9697,64,"13"
"536",2015,"VCU",66.6676,87,66.5049,61,106.572,71,110.62,59,96.5822,61,94.1043,24,16.5157,31,"7"
"537",2015,"Villanova",65.0568,158,63.8347,178,116.619,6,122.473,4,92.9741,18,91.5163,11,30.9562,4,"1"
"538",2015,"Virginia",58.4807,347,57.5332,349,110.716,30,115.318,16,85.6441,2,84.4292,2,30.8885,5,"2"
"539",2015,"West Virginia",69.1384,20,67.9793,24,106.429,78,113.252,34,96.33,52,94.4993,31,18.7531,23,"5"
"540",2015,"Wichita St.",60.9344,330,61.4547,297,111.943,24,114.962,21,90.9491,8,93.3065,17,21.6555,15,"7"
"541",2015,"Wisconsin",59.2656,345,58.0767,347,120.495,3,126.815,1,94.4646,27,93.2904,16,33.5251,2,"1"
"542",2015,"Wofford",62.1234,301,60.5424,319,106.401,79,104.909,146,96.7623,65,98.5115,77,6.39782,100,"12"
"543",2015,"Wyoming",58.3804,348,58.648,344,103.166,148,104.478,158,95.3219,37,98.0741,69,6.40364,99,"12"
"544",2015,"Xavier",66.0436,118,65.1714,112,109.333,40,115.283,18,100.51,135,96.6313,55,18.6517,24,"6"
"545",2014,"Albany",63.0949,324,61.7185,314,103.577,202,102.179,218,100.203,80,103.893,157,-1.71363,187,"16"
"546",2014,"American",60.7947,343,59.8927,343,104.931,169,103.925,193,96.4633,25,98.0491,59,5.87548,107,"15"
"547",2014,"Arizona",64.521,275,63.1175,267,112.267,37,115.193,24,88.8129,2,84.7964,1,30.3964,2,"1"
"548",2014,"Arizona St.",69.0126,68,67.6129,57,107.019,119,110.175,80,98.0732,48,94.7808,29,15.3941,37,"10"
"549",2014,"Baylor",63.9036,293,61.1487,329,114.101,19,118.684,8,105.684,195,100.799,100,17.8854,30,"6"
"550",2014,"BYU",73.5115,6,71.172,5,112.555,32,114.713,27,103.542,141,99.9591,88,14.7544,44,"10"
"551",2014,"Cal Poly",60.6512,344,58.8564,347,102.501,217,103.247,202,106.56,220,103.846,156,-0.599368,172,"16"
"552",2014,"Cincinnati",63.6905,300,61.2764,327,107.367,105,109.197,96,91.9412,11,90.1186,9,19.0788,26,"5"
"553",2014,"Coastal Carolina",68.4563,86,65.898,117,102.067,230,97.0064,299,99.7112,71,102.979,142,-5.97261,236,"16"
"554",2014,"Colorado",67.2652,136,65.097,163,103.716,196,107.9,117,100.113,79,95.4275,35,12.4727,60,"8"
"555",2014,"Connecticut",65.9523,205,63.4064,253,108.213,87,111.355,57,95.4338,19,92.2385,12,19.1162,25,"7"
"556",2014,"Creighton",65.5,225,63.9037,229,121.422,1,125.701,1,103.321,133,100.913,101,24.7882,9,"3"
"557",2014,"Dayton",65.7334,216,63.8792,232,110.764,51,113.694,35,101.943,105,100.71,99,12.9838,56,"11"
"558",2014,"Delaware",70.8447,25,70.5569,10,111.766,42,111.299,59,105.662,194,105.513,189,5.78601,109,"13"
"559",2014,"Duke",65.404,230,64.8311,178,119.916,2,124.75,2,102.429,111,99.4399,77,25.3098,6,"3"
"560",2014,"Eastern Kentucky",67.1179,143,64.6059,192,114.893,14,111.315,58,106.85,225,108.295,244,3.01993,137,"15"
"561",2014,"Florida",63.1058,322,61.5519,317,111.583,46,116.216,18,91.4732,10,88.4056,4,27.8106,3,"1"
"562",2014,"George Washington",68.2202,101,65.8095,122,107.234,110,110.212,79,97.7609,42,95.9821,42,14.2297,48,"9"
"563",2014,"Gonzaga",66.503,171,64.5603,194,113.905,20,113.594,37,97.0929,32,92.9558,15,20.6386,22,"8"
"564",2014,"Harvard",64.5519,272,64.1253,217,111.823,39,112.027,50,92.8241,13,94.7095,28,17.3178,32,"12"
"565",2014,"Iowa",70.2372,37,69.1598,23,115.603,10,120.152,5,98.9669,60,99.1218,73,21.0299,20,"11"
"566",2014,"Iowa St.",71.953,12,70.4795,11,113.458,23,116.764,16,100.974,92,95.8121,39,20.9515,21,"3"
"567",2014,"Kansas",68.7862,72,66.8907,78,115.053,13,119.974,6,101.548,100,94.5731,27,25.4011,5,"2"
"568",2014,"Kansas St.",65.7266,218,63.6653,242,105.093,167,108.305,113,98.3715,50,93.9099,22,14.3949,46,"9"
"569",2014,"Kentucky",66.8184,156,64.6236,191,112.311,36,116.202,19,98.75,58,95.0512,32,21.1505,19,"8"
"570",2014,"Louisiana Lafayette",70.9898,21,68.8604,29,110.051,60,109.939,84,104.91,175,104.85,171,5.08877,114,"14"
"571",2014,"Louisville",69.1489,63,67.4981,58,118.693,3,119.102,7,88.0889,1,88.5345,6,30.5677,1,"4"
"572",2014,"Manhattan",70.3644,34,68.0296,44,107.54,102,106.544,136,97.2794,34,96.9886,52,9.55527,77,"13"
"573",2014,"Massachusetts",71.7433,15,70.3142,13,105.606,157,109.841,86,98.03,46,95.6537,37,14.1875,49,"6"
"574",2014,"Memphis",70.5843,26,67.8621,48,107.885,94,111.252,62,98.7813,59,96.3212,44,14.9304,43,"8"
"575",2014,"Mercer",65.9941,203,63.9334,226,113.08,27,108.78,106,97.853,43,101.313,109,7.46633,98,"14"
"576",2014,"Michigan",63.0594,326,61.5484,318,117.142,5,122.369,3,103.024,121,99.5935,82,22.7757,12,"2"
"577",2014,"Michigan St.",66.067,199,64.3969,205,113.386,24,118.203,10,97.9993,45,94.4143,24,23.7886,11,"4"
"578",2014,"Milwaukee",67.5933,123,65.9973,114,103.161,207,104.63,181,103.862,147,104.266,164,0.3633,163,"15"
"579",2014,"Mount St. Mary's",70.175,38,68.4474,37,108.139,90,107.491,124,110.209,300,111.241,292,-3.75021,207,"16"
"580",2014,"Nebraska",65.3012,236,64.698,188,102.429,221,108.82,105,99.169,63,95.6836,38,13.1363,54,"11"
"581",2014,"New Mexico",65.6502,220,64.7417,182,111.799,41,113.782,34,99.3433,66,96.2346,43,17.5475,31,"7"
"582",2014,"New Mexico St.",66.9142,152,65.3613,146,113.903,21,112.746,44,100.01,77,102.113,123,10.6331,71,"13"
"583",2014,"North Carolina",69.9584,44,69.426,17,107.984,92,111.545,54,97.9093,44,93.1571,16,18.3881,29,"6"
"584",2014,"North Carolina Central",64.3021,280,62.708,287,110.774,50,107.276,128,91.1249,9,98.9836,71,8.29208,89,"14"
"585",2014,"North Carolina St.",64.7835,258,64.734,184,108.169,88,113.205,39,106.233,212,102.658,130,10.5467,73,"12"
"586",2014,"North Dakota St.",64.0705,288,63.0184,271,116.89,6,116.004,20,105.246,183,103.42,149,12.5832,59,"12"
"587",2014,"Ohio St.",65.0252,249,64.0434,222,106.678,127,109.354,94,91.1081,8,87.6797,3,21.6743,15,"6"
"588",2014,"Oklahoma",71.9576,11,69.9669,16,113.353,25,117.886,12,104.559,165,99.4806,81,18.4058,28,"5"
"589",2014,"Oklahoma St.",69.4362,51,66.9981,73,113.295,26,115.772,21,97.3924,36,94.2393,23,21.5328,16,"9"
"590",2014,"Oregon",69.9984,43,67.8101,49,114.697,15,118.258,9,103.295,130,99.4749,80,18.783,27,"7"
"591",2014,"Pittsburgh",62.9019,330,62.7245,286,112.86,28,116.412,17,97.5045,38,94.8924,31,21.5198,17,"9"
"592",2014,"Providence",64.9039,252,63.2914,257,109.064,73,114.031,30,103.506,140,99.2945,75,14.7367,45,"11"
"593",2014,"Saint Joseph's",66.108,194,64.4393,203,107.73,98,111.261,61,101.03,94,98.2332,60,13.0273,55,"10"
"594",2014,"Saint Louis",67.358,132,65.5822,137,103.028,209,105.599,160,91.1002,7,89.8073,8,15.792,35,"5"
"595",2014,"San Diego St.",63.6681,302,62.8054,281,106.932,123,109.055,99,90.8125,3,89.2312,7,19.8236,24,"4"
"596",2014,"Stanford",67.0989,145,65.271,152,108.976,74,113.435,38,101.73,103,97.4392,56,15.9959,34,"10"
"597",2014,"Stephen F. Austin",65.1297,244,61.7091,315,116.078,8,111.44,56,96.7428,28,100.651,98,10.7884,70,"12"
"598",2014,"Syracuse",60.4471,347,59.7435,344,111.717,43,114.707,28,97.7423,41,93.2029,17,21.5042,18,"3"
"599",2014,"Tennessee",62.935,328,62.0374,310,111.688,44,115.185,25,97.0495,31,93.4414,19,21.7438,14,"11"
"600",2014,"Texas",69.4218,52,67.2135,64,106.37,134,110.262,78,100.598,85,95.2735,33,14.9889,41,"7"
"601",2014,"Texas Southern",67.8244,113,65.8018,124,109.188,69,106.018,151,106.076,207,112.768,321,-6.75033,248,"16"
"602",2014,"Tulsa",68.7516,73,67.1059,68,105.665,155,105.972,153,96.9019,29,96.6323,46,9.33939,79,"13"
"603",2014,"UCLA",70.4051,33,68.6469,33,115.426,11,118.14,11,99.9588,73,95.8826,41,22.2575,13,"4"
"604",2014,"VCU",70.5748,27,69.3132,18,105.321,162,108.679,109,90.8369,4,88.4655,5,20.2135,23,"5"
"605",2014,"Villanova",67.5107,125,65.8913,118,114.183,18,117.154,14,96.7318,27,91.8909,10,25.2627,7,"2"
"606",2014,"Virginia",60.5011,346,59.6528,345,108.671,80,113.85,31,91.0974,6,87.4218,2,26.4285,4,"1"
"607",2014,"Weber St.",63.998,291,63.2017,263,110.674,54,106.025,150,105.025,179,106.516,211,-0.49027,170,"16"
"608",2014,"Western Michigan",66.6172,165,65.2493,155,106.304,136,106.443,137,100.561,84,102.024,122,4.41973,124,"14"
"609",2014,"Wichita St.",64.4923,276,63.5718,245,115.962,9,117.117,15,92.4094,12,91.937,11,25.1804,8,"1"
"610",2014,"Wisconsin",63.8201,297,62.7652,285,115.242,12,120.678,4,101.085,96,96.8522,50,23.8262,10,"2"
"611",2014,"Wofford",62.4555,338,60.7578,335,104.578,174,100.924,241,100.945,91,102.947,141,-2.02301,191,"15"
"612",2014,"Xavier",65.7549,213,64.4463,202,109.087,72,113.691,36,102.808,116,98.6757,65,15.0151,40,"12"
"613",2013,"Akron",66.6607,141,64.6243,132,106.661,62,107.801,78,92.3323,31,94.0583,37,13.7427,52,"12"
"614",2013,"Albany",62.7885,299,61.1481,282,102.015,147,102.346,173,95.7794,66,101.191,142,1.15535,150,"15"
"615",2013,"Arizona",67.0357,123,64.9417,124,108.948,28,114.263,18,94.7472,53,93.7326,34,20.5305,17,"6"
"616",2013,"Belmont",68.2213,80,65.3017,106,112.45,11,111.598,35,94.4447,49,95.8476,65,15.7507,39,"11"
"617",2013,"Boise St.",66.2935,161,64.2697,151,107.066,54,113.2,25,100.03,155,98.0999,94,15.1001,45,"13"
"618",2013,"Bucknell",62.5074,303,60.9891,287,107.665,43,107.882,76,92.2643,29,94.4384,41,13.4434,55,"11"
"619",2013,"Butler",64.5681,235,62.5561,229,105.585,79,110.071,51,97.8349,107,95.2626,49,14.8086,48,"6"
"620",2013,"California",66.3518,158,63.887,172,101.459,161,107.434,87,96.5891,79,94.7044,44,12.7298,59,"12"
"621",2013,"Cincinnati",65.0249,216,62.2632,244,100.726,171,105.794,116,90.7086,15,90.2087,13,15.5856,40,"10"
"622",2013,"Colorado",65.7147,187,63.0028,211,101.747,154,107.269,91,95.4937,61,92.4737,26,14.7956,49,"10"
"623",2013,"Colorado St.",64.0443,255,62.9945,212,112.595,10,118.136,7,98.6876,136,97.9562,92,20.1795,19,"8"
"624",2013,"Creighton",65.0989,212,63.0944,206,115.805,3,119.389,5,97.0199,87,97.1644,81,22.2247,14,"7"
"625",2013,"Davidson",64.5703,234,63.2755,198,112.788,9,112.441,32,95.8001,67,101.27,147,11.1711,66,"14"
"626",2013,"Duke",68.6602,68,66.0764,70,114.451,7,119.646,4,95.1267,59,92.9223,29,26.724,5,"2"
"627",2013,"Florida",62.6458,300,60.6898,295,114.451,8,118.162,6,85.6828,3,86.1792,4,31.9831,1,"3"
"628",2013,"Florida Gulf Coast",69.1954,47,66.6594,55,103.586,110,103.304,152,95.8325,69,99.9512,125,3.35293,129,"15"
"629",2013,"Georgetown",62.0415,311,59.9536,313,102.315,140,107.747,79,88.4906,6,85.5846,2,22.1624,15,"2"
"630",2013,"Gonzaga",65.0641,215,62.4727,236,117.92,1,120.831,3,91.5809,21,91.8845,20,28.9467,4,"1"
"631",2013,"Harvard",63.8389,266,62.4831,235,106.623,65,108.139,73,99.3506,145,101.233,144,6.90592,98,"14"
"632",2013,"Illinois",65.6028,192,64.2338,155,104.028,103,110.496,48,99.3959,147,95.3564,52,15.1395,44,"7"
"633",2013,"Indiana",67.5189,101,65.7072,85,117.425,2,122.482,1,92.2932,30,92.5582,27,29.9242,3,"1"
"634",2013,"Iona",70.2011,25,68.6813,13,112.06,15,114.644,14,104.874,267,106.791,256,7.85234,91,"15"
"635",2013,"Iowa St.",70.2898,24,67.5365,31,111.897,16,116.863,8,99.802,152,100.569,133,16.2941,36,"10"
"636",2013,"James Madison",64.3338,243,62.5026,233,100.486,176,99.5556,225,98.9792,139,101.23,143,-1.67462,191,"16"
"637",2013,"Kansas",67.636,95,65.5441,93,109.623,24,113.253,24,89.303,9,87.8314,5,25.4211,6,"1"
"638",2013,"Kansas St.",63.6886,272,60.9899,286,107.869,38,113.291,23,96.6436,82,95.0325,46,18.2582,27,"4"
"639",2013,"La Salle",67.0656,121,64.3651,147,107.345,51,110.546,46,97.857,109,97.2446,83,13.3018,57,"13"
"640",2013,"Liberty",66.046,172,63.8178,177,100.693,172,100.529,206,105.903,283,110.044,306,-9.51521,267,"16"
"641",2013,"LIU Brooklyn",69.6823,34,66.723,54,112.364,13,111.069,42,107.894,317,112.442,326,-1.37364,187,"16"
"642",2013,"Louisville",66.668,139,65.2907,107,108.622,31,114.313,17,85.2644,2,83.1717,1,31.1411,2,"1"
"643",2013,"Marquette",63.7332,271,62.8067,221,106.292,69,113.994,19,96.9634,85,95.3386,51,18.6549,25,"3"
"644",2013,"Memphis",69.8164,31,67.7883,28,107.78,41,108.62,68,92.5289,32,91.9204,21,16.6993,34,"6"
"645",2013,"Miami FL",64.3378,242,61.2753,279,108.209,37,113.044,26,93.9237,41,90.7587,16,22.2852,13,"2"
"646",2013,"Michigan",63.8288,267,62.8699,217,115.602,4,120.868,2,97.5973,100,95.8775,66,24.9907,9,"4"
"647",2013,"Michigan St.",64.1105,252,62.5852,227,105.282,87,112.662,29,92.8299,35,89.423,9,23.2393,10,"3"
"648",2013,"Middle Tennessee",66.0665,170,62.9037,215,107.45,47,107.517,83,87.3946,5,91.9796,22,15.5372,41,"11"
"649",2013,"Minnesota",63.194,288,61.1328,283,107.623,44,113.792,21,97.2391,92,94.6477,42,19.1442,23,"11"
"650",2013,"Mississippi",70.9387,14,68.7636,12,108.453,35,112.338,34,94.1225,43,95.8159,64,16.5223,35,"12"
"651",2013,"Missouri",68.205,81,65.5079,94,111.014,20,115.006,13,96.0797,73,95.7839,61,19.2225,22,"9"
"652",2013,"Montana",63.7736,269,61.796,267,108.559,34,105.569,121,100.819,170,102.857,177,2.71159,138,"13"
"653",2013,"New Mexico",64.7537,228,63.1277,204,103.444,116,110.537,47,92.598,33,89.8302,12,20.7068,16,"3"
"654",2013,"New Mexico St.",65.2589,205,63.1987,200,103.371,117,105.566,122,95.6278,65,96.7219,74,8.84441,81,"13"
"655",2013,"North Carolina",71.533,6,68.7962,11,106.13,71,112.478,31,96.8499,84,95.3146,50,17.1634,32,"8"
"656",2013,"North Carolina A&T",66.7884,132,64.8071,130,92.0001,311,92.5828,315,91.2882,19,97.9108,90,-5.32804,228,"16"
"657",2013,"North Carolina St.",68.693,66,66.1873,65,112.277,14,116.772,9,101.674,191,99.3673,113,17.4046,29,"8"
"658",2013,"Northwestern St.",73.5264,1,71.4118,1,105.923,74,106.886,98,98.6185,133,103.699,196,3.18756,133,"14"
"659",2013,"Notre Dame",61.9326,314,59.569,320,110.33,22,115.515,12,99.1734,143,98.0769,93,17.4382,28,"7"
"660",2013,"Ohio St.",63.5588,275,62.2577,245,108.622,32,114.487,16,91.1903,16,89.3191,8,25.1682,7,"2"
"661",2013,"Oklahoma",66.7709,135,64.6503,131,105.529,81,111.409,39,98.3411,124,97.0916,78,14.3172,50,"10"
"662",2013,"Oklahoma St.",67.3014,109,65.3529,103,105.782,77,109.664,60,91.5887,22,90.2456,14,19.4182,20,"5"
"663",2013,"Oregon",68.8589,59,67.0931,41,102.319,139,105.529,124,90.3297,13,90.6673,15,14.8613,46,"12"
"664",2013,"Pacific",63.2063,287,61.5719,273,105.769,78,106.871,99,102.672,213,101.331,149,5.53976,111,"15"
"665",2013,"Pittsburgh",60.2025,342,58.1464,338,114.701,6,116.301,11,91.251,17,91.1994,17,25.1014,8,"8"
"666",2013,"Saint Louis",64.6125,233,63.0796,207,106.054,73,108.951,64,89.4104,10,88.6822,6,20.269,18,"4"
"667",2013,"Saint Mary's",64.5174,237,62.7285,223,115.552,5,116.686,10,98.0809,114,97.7603,87,18.9259,24,"11"
"668",2013,"San Diego St.",66.3905,155,64.8362,128,102.521,133,107.707,80,91.8765,23,89.1276,7,18.5799,26,"7"
"669",2013,"South Dakota St.",63.7858,268,61.9938,255,112.436,12,112.586,30,102.553,211,105.42,235,7.16609,95,"13"
"670",2013,"Southern",65.414,197,62.7873,222,101.742,155,99.0012,233,89.0148,7,99.294,111,-0.292737,172,"16"
"671",2013,"Syracuse",65.6213,190,62.6287,225,107.714,42,114.546,15,92.0136,25,91.9806,23,22.5652,12,"4"
"672",2013,"Temple",67.8625,90,65.1334,119,107.056,55,111.464,37,100.225,158,99.5026,116,11.9609,60,"9"
"673",2013,"UCLA",69.5389,38,67.4331,34,105.896,75,111.467,36,97.7999,105,96.3046,68,15.1624,43,"6"
"674",2013,"UNLV",68.9445,51,67.0633,45,102.694,128,106.858,101,92.0554,27,89.633,10,17.2254,31,"5"
"675",2013,"Valparaiso",65.0779,214,63.7461,181,109.365,27,111.066,43,95.5053,62,99.147,107,11.9193,61,"14"
"676",2013,"VCU",68.7887,62,65.764,82,111.348,19,113.747,22,94.093,42,94.4178,40,19.3295,21,"5"
"677",2013,"Villanova",66.9396,126,65.6855,87,98.7296,212,106.057,112,95.1612,60,92.4411,25,13.6158,54,"9"
"678",2013,"Western Kentucky",66.8547,130,63.8433,176,100.071,181,101.798,185,99.0926,142,102.763,174,-0.965895,180,"16"
"679",2013,"Wichita St.",64.7695,227,62.4159,238,107.139,53,109.966,53,93.6903,39,92.5764,28,17.3895,30,"9"
"680",2013,"Wisconsin",61.4076,327,59.9822,312,105.017,91,108.829,66,89.8771,11,85.8206,3,23.008,11,"5"
"681",2012,"Kentucky",66.7066,180,64.0843,183,115.593,4,120.566,2,89.0214,8,88.8382,6,31.7277,1,"1"
"682",2012,"Ohio St.",67.2467,147,65.7505,100,110.99,18,117.705,7,88.3204,3,87.8032,3,29.9016,2,"2"
"683",2012,"Michigan St.",66.0777,211,63.9032,190,108.631,33,115.088,17,89.3821,11,86.2697,1,28.8179,3,"1"
"684",2012,"Kansas",68.0938,109,65.9779,91,109.926,22,116.066,12,90.4833,15,89.1479,7,26.918,4,"2"
"685",2012,"Missouri",67.0094,161,64.7708,141,119.558,1,124.486,1,97.6986,118,97.8055,80,26.6802,5,"2"
"686",2012,"North Carolina",73.5882,8,70.0151,11,111.181,15,117.11,8,91.2598,22,90.8369,13,26.2727,6,"1"
"687",2012,"Syracuse",66.6904,181,64.1527,177,111.423,13,116.026,13,90.8197,19,90.5173,12,25.5085,7,"1"
"688",2012,"Wisconsin",59.496,345,57.0497,344,106.658,50,111.961,31,88.1971,2,88.662,4,23.2991,8,"4"
"689",2012,"Wichita St.",67.6434,126,65.0878,130,112.528,10,116.963,10,91.7103,25,93.7271,22,23.2362,9,"5"
"690",2012,"Memphis",68.2042,102,66.8618,57,109.124,27,114.7,19,91.1259,21,92.1444,17,22.5554,10,"8"
"691",2012,"Indiana",67.772,121,66.0427,89,113.78,7,119.547,5,97.2707,103,97.0081,68,22.5388,11,"4"
"692",2012,"Baylor",67.697,124,64.8088,138,109.239,26,115.656,15,96.1272,79,94.2364,29,21.4193,12,"3"
"693",2012,"Duke",68.7049,81,65.6315,107,111.949,11,117.909,6,99.0275,150,97.043,71,20.8659,13,"2"
"694",2012,"Saint Louis",63.9496,291,61.301,300,107.991,37,111.629,34,89.0257,9,91.0501,14,20.5785,14,"9"
"695",2012,"Georgetown",64.3565,279,61.6397,290,104.701,86,109.993,55,90.4593,14,89.6577,9,20.3352,15,"3"
"696",2012,"Vanderbilt",66.4462,197,63.9958,187,108.703,31,114.775,18,96.6557,92,94.4476,30,20.3275,16,"5"
"697",2012,"Florida",66.0152,212,63.4917,212,114.131,6,120.271,3,99.5265,160,99.98,123,20.2909,17,"7"
"698",2012,"New Mexico",67.1573,154,65.0743,132,107.652,41,110.405,49,88.6402,5,90.4523,11,19.9522,18,"5"
"699",2012,"Marquette",71.3551,23,69.187,16,106.246,59,112.422,29,92.9743,38,93.0852,19,19.3365,19,"3"
"700",2012,"Louisville",68.2541,100,65.9921,90,99.3696,179,105.207,127,88.5398,4,86.3916,2,18.8157,20,"4"
"701",2012,"Kansas St.",68.0309,113,65.8239,97,103.96,97,109.953,58,92.851,36,91.6575,16,18.2953,21,"8"
"702",2012,"Michigan",61.8189,329,59.5682,329,106.783,48,113.975,22,99.6232,163,95.8679,51,18.1066,22,"4"
"703",2012,"Florida St.",68.4428,92,66.0495,88,101.246,144,107.767,80,91.0453,20,89.7815,10,17.9858,23,"3"
"704",2012,"Belmont",69.5377,55,66.7473,62,116.677,2,117.088,9,96.034,76,99.4192,112,17.6692,24,"14"
"705",2012,"Virginia",61.5961,334,58.3843,341,101.817,137,106.186,106,86.8409,1,88.8224,5,17.3633,25,"10"
"706",2012,"Creighton",68.1641,107,65.4893,114,116.334,3,119.641,4,101.565,205,102.559,167,17.0818,26,"8"
"707",2012,"Gonzaga",67.572,135,64.3904,163,109.509,24,111.604,35,93.4641,42,94.5893,34,17.0149,27,"7"
"708",2012,"Alabama",63.8917,295,61.5091,292,100.89,155,106.031,111,90.5515,16,89.3714,8,16.6596,28,"9"
"709",2012,"California",67.1197,156,65.1101,127,106.953,46,111.11,44,91.8027,26,94.5611,32,16.549,29,"12"
"710",2012,"Texas",67.6226,128,64.1535,176,107.097,45,113.26,26,98.0521,124,96.748,63,16.5122,30,"11"
"711",2012,"Iowa St.",68.0371,111,65.1229,126,107.615,42,112.844,28,98.1541,128,96.3879,60,16.4561,31,"8"
"712",2012,"UNLV",69.7249,46,67.7911,33,106.341,57,109.975,56,93.654,45,93.9097,24,16.0655,32,"6"
"713",2012,"Purdue",65.5121,235,63.7048,201,110.206,21,116.142,11,100.941,192,100.148,127,15.9933,33,"10"
"714",2012,"Long Beach St.",67.964,116,65.5618,109,108.674,32,111.581,38,94.6276,56,95.9447,52,15.6363,34,"12"
"715",2012,"Temple",68.5678,88,65.2739,124,108.984,28,114.086,21,99.8554,170,98.5508,92,15.5352,35,"5"
"716",2012,"Saint Mary's",64.9577,267,62.3728,266,112.819,9,114.424,20,96.5194,87,98.8981,97,15.5262,36,"7"
"717",2012,"Cincinnati",64.5657,276,61.9205,278,104.228,95,109.258,61,93.6208,44,94.1152,27,15.1423,37,"6"
"718",2012,"Murray St.",66.7636,178,64.2846,170,110.289,20,110.21,51,92.4694,31,95.1414,42,15.069,38,"6"
"719",2012,"Connecticut",64.9024,269,62.2672,270,104.789,83,111.126,43,97.9087,120,96.1075,55,15.0185,39,"9"
"720",2012,"Harvard",61.5334,335,59.748,325,105.296,70,108.398,73,88.9122,7,93.6424,21,14.756,40,"12"
"721",2012,"West Virginia",65.9309,215,63.2691,224,105.415,68,111.599,36,98.4846,138,97.0738,72,14.5249,41,"10"
"722",2012,"Notre Dame",62.497,325,59.5561,330,104.73,84,110.251,50,97.0725,100,96.0393,54,14.2112,43,"7"
"723",2012,"North Carolina St.",68.5876,87,66.3856,77,106.777,49,111.847,32,98.7679,145,98.7065,94,13.1406,45,"11"
"724",2012,"BYU",73.2569,9,71.6581,5,106.886,47,106.894,97,92.2898,30,93.9601,26,12.9336,49,"14"
"725",2012,"VCU",65.7543,221,64.298,169,103.222,109,107.166,91,90.0179,12,94.5327,31,12.6331,50,"12"
"726",2012,"San Diego St.",67.4402,141,65.1097,128,102.874,115,107.254,90,93.9885,50,94.7608,36,12.4935,51,"6"
"727",2012,"Iona",71.6885,18,69.0723,18,114.896,5,115.979,14,99.9349,172,103.63,193,12.3492,52,"14"
"728",2012,"South Dakota St.",66.7707,176,64.332,166,113.407,8,113.756,23,98.6655,141,102.043,159,11.7129,54,"14"
"729",2012,"New Mexico St.",71.3124,25,69.1013,17,108.125,36,109.141,62,95.185,65,97.4887,76,11.6518,56,"13"
"730",2012,"Xavier",68.2817,99,65.9384,93,102.486,123,107.588,85,97.7757,119,95.9824,53,11.6059,57,"10"
"731",2012,"St. Bonaventure",65.5378,233,62.409,261,106.567,53,110.138,53,97.9533,122,98.5497,91,11.5887,58,"14"
"732",2012,"South Florida",60.3688,342,57.9277,342,96.7684,238,102.792,165,94.1597,51,91.3144,15,11.4773,60,"12"
"733",2012,"Southern Miss",65.0437,263,63.0961,237,106.074,60,111.225,41,99.0832,152,99.9599,122,11.2651,64,"9"
"734",2012,"Ohio",67.6514,125,65.5881,108,103.565,103,105.736,115,92.5098,32,94.9527,39,10.7829,67,"13"
"735",2012,"Davidson",69.0277,71,66.7002,65,111.513,12,111.768,33,97.34,106,101.075,141,10.6934,68,"13"
"736",2012,"Colorado St.",65.2154,254,63.0838,238,107.675,40,113.273,25,103.77,258,103.767,200,9.50647,77,"11"
"737",2012,"Lehigh",69.1359,67,67.0402,49,108.789,30,108.606,66,93.7116,46,99.6982,115,8.90823,84,"15"
"738",2012,"Colorado",65.7059,224,64.2147,172,100.481,166,104.614,135,96.0939,78,96.2689,57,8.34556,88,"11"
"739",2012,"Montana",66.8655,172,63.555,209,106.065,61,103.543,153,92.6097,33,95.6693,47,7.87347,93,"13"
"740",2012,"Lamar",69.1534,66,65.5439,111,104.793,82,107.54,86,94.6232,55,100.064,125,7.476,99,"16"
"741",2012,"Detroit",67.5756,134,66.4169,73,104.586,87,108.41,72,99.9443,173,102.907,179,5.50243,115,"15"
"742",2012,"UNC Asheville",70.6746,33,67.7396,34,110.746,19,109.605,60,101.613,208,104.64,219,4.96548,118,"16"
"743",2012,"Vermont",63.736,304,61.3192,298,104.305,91,104.447,137,93.9008,48,100.224,129,4.2234,123,"16"
"744",2012,"Loyola MD",65.8117,219,62.6291,257,102.811,116,103.745,149,96.8025,95,100.068,126,3.6774,131,"15"
"745",2012,"LIU Brooklyn",75.8136,2,72.7955,2,107.715,39,108.1,76,101.559,204,107.557,271,0.542871,164,"16"
"746",2012,"Norfolk St.",69.1819,64,66.0683,87,99.7367,175,99.5279,231,95.81,72,101.974,158,-2.44646,191,"15"
"747",2012,"Western Kentucky",68.8829,73,66.9018,55,94.0697,281,98.1875,252,98.2616,132,101.022,139,-2.83435,201,"16"
"748",2012,"Mississippi Valley St.",70.4544,36,67.9152,31,97.1241,233,98.6794,244,97.5394,114,105.054,231,-6.3745,237,"16"
