Season,TeamName,Tempo,RankTempo,AdjTempo,RankAdjTempo,OE,RankOE,AdjOE,RankAdjOE,DE,RankDE,AdjDE,RankAdjDE,AdjEM,RankAdjEM
2013,Louisville,66.5244,145,65.8158,116,110.494,21,117.68,7,86.9752,4,84.7632,1,32.9166,1
2013,Florida,62.9152,299,61.88,280,113.705,6,117.221,9,86.3258,2,86.0408,3,31.18,2
2013,Indiana,67.1573,119,66.0288,105,116.063,2,120.812,2,92.2934,22,91.5051,19,29.3073,3
2013,Michigan,63.9858,261,63.9955,198,115.299,3,121.9,1,97.6874,98,94.035,37,27.8647,4
2013,Gonzaga,64.9279,223,63.2605,232,117.261,1,120.546,3,92.4587,25,92.7335,30,27.8128,5
2013,Duke,68.2337,78,66.654,75,113.465,8,119.106,4,95.5274,60,92.1216,26,26.9842,6
2013,"Ohio St.",64.2643,245,63.6329,218,108.91,30,115.116,14,92.4191,24,89.6953,9,25.4207,7
2013,Kansas,67.7666,92,66.4077,86,108.923,29,112.746,27,89.5948,9,87.5181,5,25.228,8
2013,Syracuse,65.2458,208,63.1273,235,106.962,52,113.104,26,90.2769,13,88.2789,6,24.8255,9
2013,"Michigan St.",64.0986,253,63.0527,238,105.022,85,112.631,29,92.6271,30,88.4626,7,24.1686,10
2013,Pittsburgh,60.4384,338,59.3138,337,113.676,7,115.623,12,91.7395,19,91.541,21,24.0822,11
2013,Wisconsin,61.4213,327,60.44,319,104.141,101,108.257,73,89.9407,11,85.6877,2,22.569,12
2013,"Miami FL",63.9676,263,61.8777,281,108.549,33,113.625,22,94.4353,45,91.2554,18,22.3696,13
2013,Arizona,66.7883,129,65.4549,133,109.625,25,115.374,13,95.0194,53,93.4964,32,21.8777,14
2013,Creighton,65.0188,217,63.7734,211,114.478,5,118.289,5,97.25,88,96.5427,66,21.7458,15
2013,Georgetown,62.484,304,61.1682,300,101.906,148,107.611,80,88.9241,6,86.369,4,21.242,16
2013,"Wichita St.",64.8638,227,63.8123,208,107.492,46,111.814,35,94.2996,43,91.5092,20,20.3053,17
2013,VCU,68.6029,69,66.3568,91,111.167,18,114.017,20,93.9826,41,93.7335,36,20.2832,18
2013,"Saint Louis",64.6614,231,63.7614,213,105.314,81,108.591,71,89.3893,7,88.5785,8,20.0126,19
2013,Minnesota,63.3656,280,62.2657,274,107.804,38,114.836,16,97.863,105,94.984,46,19.8517,20
2013,"Saint Mary's",64.2576,246,62.9292,246,114.619,4,116.112,11,97.6059,97,96.7832,73,19.3293,21
2013,"Colorado St.",64.1264,252,63.775,210,112.199,11,117.932,6,99.8578,149,98.8133,104,19.1188,22
2013,"New Mexico",64.6736,229,63.7305,214,103.348,115,109.943,53,93.0885,33,90.927,16,19.0162,23
2013,"Oklahoma St.",67.3847,109,66.0618,104,104.956,86,108.991,66,91.7549,20,90.3038,14,18.6873,24
2013,Missouri,68.2093,80,66.3162,93,110.848,20,114.943,15,96.8685,79,96.413,63,18.53,25
2013,Marquette,63.3876,279,63.2669,230,105.463,74,113.229,24,97.4413,92,94.9055,45,18.324,26
2013,"Kansas St.",63.5165,276,61.4107,296,107.798,40,113.504,23,97.0048,81,95.3452,52,18.1586,27
2013,Baylor,68.1485,82,66.41,85,109.357,27,114.298,19,97.7871,101,96.4127,62,17.8855,28
2013,Iowa,66.6445,138,66.2563,95,104.457,95,109.769,58,93.5458,37,91.9367,24,17.8318,29
2013,"Iowa St.",70.0611,25,68.3365,30,112.013,13,117.478,8,99.9508,152,99.8496,123,17.6287,30
2013,"San Diego St.",66.3886,157,65.4952,132,102.757,129,107.71,78,92.489,26,90.2802,13,17.4298,31
2013,"North Carolina",71.5679,6,69.5615,12,105.454,76,112.209,31,96.8998,80,95.0658,47,17.1429,32
2013,"North Carolina St.",68.62,67,66.7518,69,112.179,12,116.809,10,102.052,197,99.8195,122,16.9894,33
2013,Mississippi,70.5852,22,69.2123,19,108.042,36,112.291,30,94.0968,42,95.3438,51,16.9467,34
2013,Oregon,68.9051,56,67.9166,37,102.237,140,106.624,105,90.3722,14,89.8414,11,16.7829,35
2013,"Notre Dame",62.0327,313,60.3217,320,109.71,23,114.567,17,99.6582,145,97.9197,86,16.6474,36
2013,Memphis,69.5544,35,68.2579,31,106.161,65,107.326,85,92.5722,29,90.9946,17,16.3316,37
2013,UNLV,68.9895,50,67.8526,42,102.22,141,106.021,115,92.0189,21,89.9515,12,16.07,38
2013,Illinois,65.283,201,64.5653,180,103.642,108,110.602,46,99.124,136,94.7818,44,15.82,39
2013,Cincinnati,64.9676,220,62.9564,243,100.701,176,105.932,118,91.1649,16,90.359,15,15.5727,40
2013,Virginia,61.3149,330,59.3457,336,104.154,100,107.457,83,90.259,12,91.9502,25,15.5072,41
2013,Butler,64.6682,230,63.642,217,105.59,72,110.516,47,97.8357,104,95.1042,48,15.412,42
2013,Belmont,68.1298,84,65.8609,114,111.988,14,111.551,37,95.4048,58,96.6361,69,14.9153,43
2013,"Middle Tennessee",65.8174,183,63.4343,223,107.047,50,107.29,89,88.2453,5,92.5246,28,14.7657,44
2013,Colorado,65.6715,188,63.6752,215,100.973,168,106.499,109,95.2868,56,91.882,23,14.6173,45
2013,UCLA,69.5649,34,68.1203,35,105.426,78,111.101,42,98.3717,120,96.5702,67,14.5307,46
2013,Denver,59.7783,345,57.5065,346,108.524,34,109.991,52,93.4169,36,95.6943,56,14.2966,47
2013,Stanford,68.2889,75,66.6877,72,103.109,123,109.901,56,97.2054,87,95.7203,57,14.1803,48
2013,Connecticut,64.9082,225,63.8491,206,103.797,105,109.913,55,97.2617,89,95.8664,60,14.0469,49
2013,"La Salle",66.4917,148,64.6032,177,107.803,39,111.84,34,99.4633,141,97.9543,87,13.886,50
2013,Oklahoma,66.6668,135,65.2286,141,104.94,88,111.131,41,98.7162,128,97.329,80,13.8019,51
2013,Maryland,67.3183,112,66.1665,97,104.703,91,107.065,96,94.8204,49,93.4481,31,13.6172,52
2013,Villanova,67.0907,121,66.4021,88,98.7291,210,106.297,113,95.5638,61,92.7237,29,13.5731,53
2013,"Boise St.",66.1212,169,64.8133,166,107.369,48,113.221,25,101.058,173,99.6808,119,13.5397,54
2013,Kentucky,66.8136,128,65.3538,135,107.355,49,111.382,38,96.8319,78,98.1297,88,13.252,55
2013,California,66.5191,146,64.9099,159,100.746,174,107.29,88,96.3102,72,94.1846,39,13.1059,56
2013,BYU,70.9511,13,69.8511,7,108.001,37,110.212,50,98.4628,124,97.1685,79,13.0432,57
2013,Bucknell,62.5693,302,61.876,282,107.031,51,107.298,87,92.6606,31,94.5798,43,12.7186,58
2013,Temple,67.6438,96,65.6138,121,106.599,59,111.313,39,100.276,160,98.6421,100,12.6706,59
2013,"Stony Brook",64.2859,241,62.9323,244,104.692,92,106.668,102,89.7163,10,94.4136,40,12.254,60
2013,"Southern Miss",65.5998,191,63.3216,227,107.77,42,110.371,49,96.3706,74,98.1783,90,12.1926,61
2013,Akron,66.6138,141,65.2447,140,105.337,80,106.751,101,93.6558,39,95.2331,50,11.5175,62
2013,"Illinois St.",69.2976,42,68.8387,24,106.9,53,109.661,61,98.3255,118,98.1669,89,11.4938,63
2013,Alabama,61.9662,314,60.5121,315,99.445,190,103.647,151,93.3167,35,92.1765,27,11.4705,64
2013,Valparaiso,64.9221,224,64.2939,188,108.781,31,110.721,44,95.8974,67,99.304,111,11.417,65
2013,Davidson,64.4239,239,63.8698,205,112.312,10,112.089,32,95.8899,66,100.726,136,11.3631,66
2013,Dayton,66.3519,158,64.6991,174,107.786,41,112.674,28,100.069,155,101.36,145,11.3141,67
2013,"Northern Iowa",63.2225,284,61.7932,288,102.619,132,106.804,100,97.4026,90,95.9658,61,10.8386,68
2013,Providence,65.8241,181,64.9069,160,101.846,150,107.903,76,97.5569,94,97.1544,78,10.749,69
2013,"Stephen F. Austin",61.8,318,59.452,332,101.913,147,100.377,215,84.3096,1,89.6977,10,10.6792,70
2013,"Weber St.",64.9886,219,64.1134,196,112.442,9,109.063,65,94.7303,47,98.4171,95,10.6457,71
2013,"Arizona St.",67.5568,101,64.7934,167,104.22,98,108.331,72,98.2543,114,97.8269,85,10.504,72
2013,Tennessee,63.1674,291,62.377,271,103.282,117,109.121,64,98.5998,127,98.6475,101,10.4732,73
2013,Purdue,65.6127,190,65.5863,125,100.166,180,106.97,98,98.1748,109,96.6435,70,10.3262,74
2013,"North Dakota St.",60.908,334,59.6087,329,107.711,43,105.451,125,92.5339,28,95.422,53,10.0285,75
2013,"Santa Clara",67.864,90,67.4648,52,107.503,45,110.909,43,100.27,158,101.191,142,9.71753,76
2013,Detroit,69.7806,29,69.0395,20,109.673,24,113.731,21,102.824,215,104.08,200,9.65068,77
2013,Xavier,63.2155,285,61.7953,287,102.656,130,105.995,116,98.4372,123,96.443,64,9.55216,78
2013,"Saint Joseph's",63.2118,287,61.6149,290,105.292,82,108.967,67,100.27,159,99.6172,117,9.34966,79
2013,Arkansas,70.6379,21,69.5844,11,103.173,119,106.658,103,97.1647,84,97.3654,81,9.29302,80
2013,Washington,66.0807,172,64.3171,187,102.087,144,107.675,79,100.937,171,98.5154,98,9.1596,81
2013,Ohio,67.7474,94,66.4805,83,106.183,64,106.6,107,94.3826,44,97.5404,84,9.06001,82
2013,Richmond,64.2776,243,62.3913,270,106.82,54,110.036,51,101.997,196,101.959,154,8.07763,83
2013,Evansville,65.2399,209,64.6311,176,103.4,114,106.422,110,99.6931,146,98.345,92,8.07713,84
2013,"Louisiana Tech",70.1758,24,68.7085,25,101.42,159,101.76,187,91.1216,15,93.7139,35,8.04648,85
2013,Massachusetts,70.8669,15,69.7749,8,102.841,127,107.378,84,100.757,167,99.4708,114,7.90723,86
2013,Princeton,60.2097,342,59.3633,335,106.718,56,108.754,70,98.3631,119,100.877,139,7.8776,87
2013,"New Mexico St.",65.1502,214,63.7675,212,102.438,135,104.733,137,95.8804,65,97.0545,76,7.67892,88
2013,Iona,70.5162,23,69.6885,10,111.34,17,114.355,18,105.285,272,106.903,256,7.45186,89
2013,"Washington St.",62.3988,307,60.6654,312,102.571,133,107.607,81,100.053,154,100.16,129,7.44708,90
2013,Lehigh,66.4792,150,65.8484,115,109.504,26,108.916,68,98.9459,131,101.592,149,7.32402,91
2013,"Indiana St.",65.4213,198,63.9681,199,98.577,214,102.997,161,99.0371,133,95.6823,55,7.3145,92
2013,Harvard,63.8279,268,63.2933,229,105.769,69,108.13,74,99.887,151,101.057,140,7.07327,93
2013,Texas,66.4,155,64.7001,173,96.186,256,102.535,174,95.7617,62,95.5119,54,7.02307,94
2013,"Texas A&M",61.7012,320,59.802,325,101.14,164,105.19,129,98.4311,122,98.3578,93,6.83211,95
2013,"South Dakota St.",63.6687,273,62.5612,261,111.837,15,112.034,33,103.044,221,105.249,223,6.78509,96
2013,"Oregon St.",68.6336,66,67.0599,59,104.482,94,109.446,62,102.091,200,102.678,169,6.76792,97
2013,Vanderbilt,61.4362,325,59.7287,328,97.7394,233,102.555,173,97.0089,82,95.7898,58,6.76543,98
2013,"Air Force",64.2873,240,63.2181,233,106.073,67,111.666,36,106.148,288,104.925,217,6.74118,99
2013,Wyoming,60.7889,335,60.0202,322,98.6972,212,103.002,160,97.6937,99,96.474,65,6.52795,100
2013,USC,67.0559,123,65.7873,118,96.456,251,103.375,154,99.084,135,96.9818,75,6.39371,101
2013,LSU,69.0562,48,67.7102,46,100.87,172,105.649,122,98.418,121,99.2692,110,6.37993,102
2013,"St. John's",67.3566,110,66.299,94,95.0204,279,100.418,212,97.0938,83,94.043,38,6.37528,103
2013,"Georgia Tech",66.2761,165,65.1949,142,96.8554,245,99.8842,222,93.6976,40,93.5155,33,6.36874,104
2013,"Florida Gulf Coast",69.2293,43,67.861,41,103.23,118,104.866,136,95.8978,68,98.5988,99,6.26704,105
2013,Rutgers,64.6581,232,63.0679,237,101.244,162,107.516,82,102.686,208,101.445,147,6.07091,106
2013,"Boston College",64.0653,254,62.6022,260,104.215,99,109.935,54,106.02,285,103.891,196,6.04451,107
2013,"Utah St.",62.1947,311,60.6,313,108.637,32,109.712,60,101.626,189,104.185,201,5.5267,108
2013,"Fresno St.",61.5628,323,60.5152,314,93.4255,299,99.9807,220,98.2282,113,94.5255,42,5.45515,109
2013,"Eastern Kentucky",65.2648,204,63.9235,202,111.006,19,110.683,45,102.052,198,105.289,225,5.39386,110
2013,"George Washington",68.0565,86,66.5071,81,96.9971,241,100.449,211,96.0098,69,95.1102,49,5.33844,111
2013,Clemson,62.2036,310,60.9763,303,98.8395,204,101.154,198,96.6028,77,95.8197,59,5.33471,112
2013,Georgia,62.4176,305,60.8989,308,96.0714,260,101.927,184,97.4165,91,96.6565,71,5.27057,113
2013,UTEP,61.7266,319,59.9228,324,101.674,153,103.738,150,98.3168,117,98.4893,97,5.24902,114
2013,Utah,62.9861,295,60.9491,304,98.8238,206,104.681,138,101.382,180,99.5474,116,5.13402,115
2013,Canisius,66.8442,127,65.1387,146,108.996,28,111.249,40,104.004,247,106.193,248,5.0562,116
2013,"Seton Hall",65.014,218,63.535,221,98.7767,208,104.295,145,99.8596,150,99.3583,112,4.93691,117
2013,Drake,68.228,79,67.4463,53,102.972,124,107.16,93,105.323,273,102.612,167,4.54773,118
2013,"St. Bonaventure",67.2336,114,65.1249,147,107.42,47,109.742,59,106.195,289,105.214,222,4.52824,119
2013,"Florida St.",66.336,160,64.2098,191,100.713,175,107.133,94,103.78,238,102.684,170,4.44876,120
2013,"Kent St.",65.7451,186,65.556,127,106.09,66,107.825,77,100.953,172,103.396,182,4.42935,121
2013,"Wright St.",62.9981,294,61.8205,283,97.8696,230,98.0034,256,92.39,23,93.6754,34,4.32799,122
2013,"West Virginia",65.5076,196,62.9854,242,100.665,177,104.976,133,103.7,236,100.754,137,4.22224,123
2013,"Loyola MD",64.2758,244,62.705,254,102.81,128,104.556,140,97.4957,93,100.426,132,4.12996,124
2013,"East Carolina",69.437,37,67.5419,49,106.397,61,108.898,69,103.718,237,104.877,216,4.02058,125
2013,"Green Bay",63.8181,269,62.5213,264,102.405,137,104.475,142,99.2579,138,100.481,133,3.99491,126
2013,Mercer,63.0271,293,61.3104,298,103.462,113,104.04,148,95.7961,63,100.075,128,3.96479,127
2013,Pacific,63.1925,288,62.1922,275,104.918,89,106.147,114,103.306,225,102.184,158,3.96289,128
2013,Charlotte,68.1551,81,66.4102,84,98.476,218,101.404,195,98.3007,115,97.5079,83,3.89578,129
2013,UCF,66.2251,166,64.5461,181,105.112,84,106.84,99,101.433,182,103.451,186,3.38941,130
2013,"Murray St.",66.7721,131,64.9206,157,106.5,60,105.638,123,100.229,156,102.269,161,3.36855,131
2013,Northwestern,61.4251,326,59.99,323,98.4356,220,104.512,141,103.557,230,101.245,143,3.26702,132
2013,"George Mason",65.8228,182,65.6082,123,102.433,136,103.55,152,99.076,134,100.341,130,3.20897,133
2013,"San Francisco",66.2184,167,65.5279,131,103.467,112,107.108,95,103.956,244,103.979,198,3.12911,134
2013,Vermont,61.9644,315,60.9267,306,102.39,138,103.036,159,95.3789,57,99.9139,126,3.12183,135
2013,Nebraska,61.6466,321,60.4577,318,94.4052,289,102.138,181,103.169,223,99.1038,107,3.03391,136
2013,"Wake Forest",69.2194,45,67.7764,45,97.5039,235,101.588,191,101.275,178,98.708,102,2.87986,137
2013,"Northwestern St.",73.2013,1,71.8985,1,104.76,90,106.608,106,99.4997,143,103.785,195,2.82352,138
2013,Niagara,68.9055,55,67.697,47,105.701,70,107.026,97,102.914,217,104.217,202,2.80905,139
2013,"Western Michigan",65.2688,203,65.0144,153,101.108,165,102.621,170,98.0393,107,99.9883,127,2.63264,140
2013,"South Florida",60.1724,343,58.7481,341,95.31,275,102.356,176,101.257,177,99.7262,121,2.63006,141
2013,"Robert Morris",66.294,163,63.3302,226,106.808,55,105.142,130,98.9224,129,102.865,174,2.2768,142
2013,"Boston University",65.4596,197,64.4489,185,102.934,125,105.261,127,97.7997,102,103.027,178,2.23382,143
2013,"Oral Roberts",66.5611,144,64.8783,163,104.946,87,106.638,104,100.921,170,104.409,205,2.22966,144
2013,Montana,63.8549,267,62.7067,253,106.652,57,104.949,134,101.536,187,102.809,173,2.13997,145
2013,Tulane,65.2632,206,64.2588,189,106.307,62,107.186,91,100.666,165,105.31,228,1.87592,146
2013,"UC Irvine",66.4346,152,65.1722,143,100.033,181,101.058,201,98.9457,130,99.1988,108,1.85967,147
2013,"Arkansas St.",66.3887,156,64.2063,192,100.413,179,98.8013,239,92.7588,32,97.0636,77,1.73768,148
2013,"UT Arlington",66.4405,151,65.5514,128,96.9303,244,98.8195,238,95.0322,54,97.4534,82,1.36602,149
2013,Albany,62.7702,300,61.6938,289,101.898,149,102.616,171,96.3913,75,101.256,144,1.36025,150
2013,Fairfield,62.0676,312,60.5072,316,96.9963,242,98.0158,255,94.6104,46,96.8123,74,1.20351,151
2013,"Cal Poly",60.0633,344,58.3206,344,105.851,68,106.417,112,105.708,279,105.255,224,1.16169,152
2013,"College of Charleston",63.9846,262,62.9259,247,103.309,116,102.74,167,97.1906,86,101.645,151,1.09554,153
2013,Manhattan,62.5106,303,60.6726,311,92.7284,304,95.3243,290,94.8199,48,94.4274,41,0.896837,154
2013,"Texas Southern",65.2036,210,62.3523,272,106.635,58,105.668,121,98.183,110,104.992,218,0.675733,155
2013,"Western Illinois",57.7347,347,56.6659,347,99.1509,198,97.2855,267,93.3162,34,96.6231,68,0.662387,156
2013,"Long Beach St.",67.3974,108,65.7035,120,102.131,143,105.737,120,105.88,280,105.114,220,0.622826,157
2013,Army,67.1799,118,66.7286,71,105.435,77,105.309,126,101.136,174,104.71,209,0.599019,158
2013,Bradley,66.1072,170,65.6083,122,101.592,156,104.374,144,103.309,226,103.783,194,0.59097,159
2013,Rider,65.9702,177,64.5882,178,96.7828,246,98.7896,241,96.3196,73,98.2026,91,0.587031,160
2013,"Penn St.",64.4408,238,63.9639,200,94.626,285,102.07,182,105.175,269,101.499,148,0.57075,161
2013,Southern,65.2546,207,63.4355,222,101.503,158,99.2929,231,89.5257,8,98.79,103,0.502891,162
2013,UAB,71.0491,12,69.3352,16,98.956,201,100.899,205,100.49,163,100.551,134,0.348732,163
2013,"North Carolina Central",64.0357,256,62.7991,252,99.1974,195,99.3016,230,91.4924,18,98.9798,106,0.32184,164
2013,"Tennessee St.",68.5358,70,66.7453,70,102.242,139,104.905,135,103.442,228,104.726,210,0.178997,165
2013,"Loyola Chicago",63.1725,290,61.8096,284,101.649,154,103.174,156,99.3598,140,103.059,180,0.115474,166
2013,Delaware,66.7313,134,65.9373,108,102.032,146,104.438,143,102.155,201,104.329,204,0.108889,167
2013,Drexel,61.3697,329,60.481,317,100.929,170,102.063,183,100.636,164,101.988,155,0.0757587,168
2013,"Virginia Tech",67.8704,88,65.8941,111,101.644,155,107.211,90,109.164,328,107.31,265,-0.0992546,169
2013,"San Diego",64.0396,255,62.4708,268,98.8251,205,102.844,164,103.657,234,102.987,176,-0.14305,170
2013,Lafayette,65.6486,189,64.4695,184,104.363,97,105.959,117,104.516,256,106.212,249,-0.25294,171
2013,Nevada,66.5118,147,65.5296,130,99.6135,185,105.135,131,107.311,310,105.418,233,-0.283127,172
2013,"Western Kentucky",66.8846,126,64.5742,179,99.6103,186,101.76,188,98.9544,132,102.174,157,-0.414317,173
2013,DePaul,71.4906,8,70.6679,4,98.9435,202,105.471,124,105.07,267,105.905,244,-0.434057,174
2013,Towson,65.3858,199,64.7345,172,101.398,161,103.105,157,100.899,169,103.554,188,-0.448903,175
2013,Bryant,66.974,125,65.0544,150,110.283,22,109.4,63,106.244,290,109.929,301,-0.529061,176
2013,"Southern Illinois",62.9217,298,61.6078,291,98.4424,219,102.707,169,104.003,246,103.439,184,-0.731888,177
2013,Northeastern,63.8043,270,62.6552,257,105.681,71,106.418,111,104.727,262,107.176,260,-0.758751,178
2013,"Charleston Southern",67.2316,115,66.5965,78,104.43,96,102.272,180,99.1844,137,103.052,179,-0.779515,179
2013,Houston,69.7379,30,69.0274,21,108.141,35,107.965,75,103.094,222,108.782,287,-0.816396,180
2013,Tulsa,67.4327,106,66.3359,92,97.3639,237,99.4782,226,99.9551,153,100.345,131,-0.867132,181
2013,"James Madison",64.1472,251,62.9063,248,100.827,173,100.169,218,99.7331,147,101.09,141,-0.920839,182
2013,"Illinois Chicago",63.653,274,63.0355,240,96.5982,248,98.7632,244,98.0894,108,99.8719,125,-1.10866,183
2013,Wagner,68.0508,87,65.8644,113,98.7199,211,97.2146,271,95.817,64,98.3863,94,-1.17165,184
2013,SMU,63.941,264,62.4014,269,99.6009,187,100.808,206,98.5867,125,102.056,156,-1.24863,185
2013,Toledo,66.4899,149,66.146,98,102.853,126,104.203,146,101.724,191,105.509,236,-1.30559,186
2013,"Georgia St.",63.906,265,62.5578,262,104.646,93,105.816,119,103.857,240,107.146,259,-1.32987,187
2013,FIU,69.5758,33,67.7866,43,99.2532,193,101.553,192,99.5356,144,102.947,175,-1.39416,188
2013,Buffalo,64.8858,226,63.9296,201,100.907,171,103.336,155,103.412,227,104.739,211,-1.40272,189
2013,"Gardner Webb",63.7451,272,61.5129,294,99.6543,183,97.9933,257,94.9584,51,99.6257,118,-1.63236,190
2013,"Youngstown St.",67.543,102,66.8732,66,101.06,166,102.867,163,102.997,220,104.781,213,-1.91451,191
2013,"LIU Brooklyn",69.3929,39,67.2763,57,111.77,16,110.466,48,108.072,318,112.6,327,-2.1338,192
2013,"Rhode Island",63.3102,283,61.5551,292,95.7152,265,100.536,209,104.497,254,102.775,172,-2.23928,193
2013,"South Alabama",68.9536,51,67.0421,61,98.1476,225,99.1055,233,97.8124,103,101.441,146,-2.33547,194
2013,"USC Upstate",66.6478,137,64.9245,155,103.558,111,102.97,162,101.882,194,105.341,230,-2.37017,195
2013,Columbia,61.0712,332,60.3102,321,100.605,178,101.06,200,100.332,161,103.478,187,-2.41754,196
2013,Auburn,66.5989,142,65.5996,124,95.3185,273,98.7931,240,101.18,176,101.626,150,-2.83289,197
2013,Yale,63.4566,277,63.0367,239,99.4622,189,102.722,168,104.696,261,105.671,240,-2.9486,198
2013,Idaho,62.986,296,62.0231,279,106.241,63,109.861,57,110.53,333,112.828,329,-2.9668,199
2013,Oakland,68.4583,72,68.129,34,105.563,73,107.319,86,109.663,330,110.407,309,-3.08823,200
2013,"Cal St. Fullerton",69.8608,27,68.3547,29,107.614,44,107.178,92,107.761,316,110.27,306,-3.0924,201
2013,"Morgan St.",67.1867,117,65.9018,110,98.5577,215,99.402,229,95.5144,59,102.587,166,-3.18513,202
2013,"UNC Asheville",69.3719,40,67.9104,38,102.069,145,101.45,194,101.172,175,104.703,208,-3.25282,203
2013,"Jacksonville St.",63.3175,282,60.8821,309,101.407,160,102.59,172,101.835,192,106.023,246,-3.43247,204
2013,"Loyola Marymount",65.2717,202,63.4282,224,95.3212,272,98.4159,249,104.545,257,101.859,153,-3.44317,205
2013,Elon,66.2785,164,64.7827,169,100.962,169,99.0365,234,98.5969,126,102.549,165,-3.51257,206
2013,Quinnipiac,67.6132,98,65.2735,139,104.067,102,102.311,177,103.556,229,105.856,243,-3.54464,207
2013,"Savannah St.",62.9356,297,61.8038,286,86.1886,340,88.2264,337,86.7511,3,91.8086,22,-3.58222,208
2013,"South Carolina",66.3448,159,65.1519,145,97.8359,232,101.744,189,102.817,213,105.328,229,-3.58488,209
2013,Hawaii,69.5808,32,67.9059,39,103.129,122,102.842,165,102.796,212,106.566,252,-3.7232,210
2013,"Mount St. Mary's",67.6181,97,65.95,107,102.495,134,102.474,175,105.552,277,106.259,250,-3.78468,211
2013,"Missouri St.",60.972,333,59.5662,330,94.6483,284,101.009,202,106.514,299,104.824,214,-3.81527,212
2013,"Bowling Green",64.0292,258,62.8219,250,96.1848,257,96.9202,277,98.2109,112,100.785,138,-3.86517,213
2013,"William & Mary",63.1867,289,62.1526,278,105.397,79,106.572,108,106.331,294,110.578,311,-4.00574,214
2013,"UC Davis",67.3197,111,66.1353,100,105.27,83,104.572,139,107.029,303,108.632,285,-4.06049,215
2013,"Norfolk St.",68.6916,64,67.0544,60,96.2118,254,96.3667,281,95.131,55,100.627,135,-4.25981,216
2013,Marshall,68.7423,62,66.3738,89,99.1565,197,102.282,179,105.506,275,106.63,254,-4.34776,217
2013,"High Point",67.0576,122,64.531,183,103.573,109,100.178,217,99.8331,148,104.545,206,-4.36695,218
2013,"Cal St. Northridge",70.9297,14,69.2197,18,103.14,121,104.087,147,105.932,283,108.648,286,-4.56109,219
2013,"Arkansas Little Rock",69.1923,46,66.4051,87,95.3252,271,97.6291,264,97.8632,106,102.371,162,-4.74215,220
2013,Pepperdine,63.9915,260,62.1778,276,96.6207,247,98.8599,236,104.117,249,103.634,190,-4.77458,221
2013,"St. Francis NY",67.5937,99,65.1704,144,103.719,107,103.105,158,105.178,270,107.896,271,-4.79078,222
2013,"UC Santa Barbara",64.0312,257,62.5171,265,97.3261,238,98.5394,248,104.474,253,103.341,181,-4.80168,223
2013,"Southeast Missouri St.",68.8045,60,66.9601,63,105.458,75,103.945,149,104.628,259,108.811,291,-4.86621,224
2013,"Morehead St.",69.8505,28,68.1559,33,98.6502,213,99.5818,224,103.876,242,104.622,207,-5.03977,225
2013,Hartford,64.2391,247,62.5013,267,93.6026,298,93.981,302,94.9763,52,99.2244,109,-5.24339,226
2013,"North Carolina A&T",66.7692,132,65.4542,134,91.9767,312,93.1694,311,92.526,27,98.467,96,-5.29761,227
2013,"Sam Houston St.",64.2819,242,61.3434,297,94.4306,288,94.0261,300,96.1966,71,99.4843,115,-5.45822,228
2013,"Louisiana Lafayette",70.6467,20,68.5655,27,98.7813,207,100.619,208,102.772,210,106.351,251,-5.7318,229
2013,Seattle,70.0574,26,68.2153,32,93.0301,302,93.9611,304,97.5931,95,99.6946,120,-5.73354,230
2013,"Coastal Carolina",65.2633,205,63.7787,209,99.173,196,97.7911,260,99.3195,139,103.626,189,-5.83475,231
2013,Brown,63.7569,271,63.2642,231,95.3639,269,95.771,287,100.359,162,101.706,152,-5.93548,232
2013,"Eastern Michigan",60.653,336,58.8886,339,90.9867,321,93.0141,312,97.1753,85,98.9508,105,-5.93672,233
2013,Stetson,68.7746,61,67.3499,55,101.834,152,101.244,197,104.498,255,107.19,261,-5.94611,234
2013,"Florida Atlantic",66.1499,168,63.8459,207,96.9782,243,99.5413,225,101.634,190,105.651,239,-6.10949,235
2013,"Holy Cross",62.338,308,61.5209,293,97.6099,234,98.9845,235,102.819,214,105.469,235,-6.48488,236
2013,"Cal St. Bakersfield",66.6217,140,64.5399,182,96.4148,252,98.3189,251,102.785,211,104.837,215,-6.51838,237
2013,Marist,67.7496,93,66.7972,68,95.4142,268,98.7746,243,102.973,219,105.371,231,-6.59646,238
2013,"Texas Tech",68.2372,77,66.593,80,95.2615,276,100.489,210,106.723,301,107.118,258,-6.62869,239
2013,Duquesne,69.3297,41,67.8762,40,96.2254,253,100.748,207,108.276,319,107.502,266,-6.75442,240
2013,"Miami OH",65.2005,212,64.1201,195,95.3129,274,98.6881,245,105.021,266,105.718,241,-7.02988,241
2013,"Northern Colorado",65.517,195,64.9163,158,103.572,110,102.751,166,107.145,306,109.837,300,-7.08607,242
2013,IPFW,65.0949,216,64.7494,171,99.4822,188,98.1756,252,102.477,206,105.396,232,-7.21997,243
2013,"Northern Kentucky",60.4176,339,58.0638,345,97.38,236,97.4816,266,100.681,166,104.742,212,-7.26085,244
2013,"Western Carolina",66.0942,171,65.0498,151,102.649,131,101.602,190,105.538,276,108.993,293,-7.3913,245
2013,Wofford,63.3266,281,62.3168,273,90.1818,324,89.2448,334,93.5704,38,96.6667,72,-7.42186,246
2013,"Central Michigan",65.2011,211,64.2449,190,102.209,142,105.074,132,109.384,329,112.507,326,-7.43365,247
2013,"North Florida",66.3173,162,64.7683,170,98.8634,203,100.97,203,105.886,281,108.485,281,-7.51472,248
2013,Penn,67.4843,103,66.6586,74,92.6799,305,94.8982,296,100.888,168,102.634,168,-7.73565,249
2013,"North Dakota",67.3035,113,66.3656,90,98.4852,217,97.2469,269,102.937,218,105.024,219,-7.77697,250
2013,"South Dakota",66.7808,130,65.8015,117,103.766,106,105.227,128,111.255,337,113.016,331,-7.78978,251
2013,Fordham,68.8169,59,67.2774,56,93.7802,296,100.194,216,110.717,335,108.013,273,-7.81927,252
2013,"Ball St.",65.8164,184,64.9234,156,98.2995,222,99.4527,227,103.6,232,107.291,264,-7.83812,253
2013,UTSA,65.1625,213,62.6889,255,98.1449,226,100.944,204,106.446,297,108.793,289,-7.84861,254
2013,"Texas St.",71.4917,7,70.5097,6,98.182,224,101.066,199,105.909,282,109.069,295,-8.00299,255
2013,"Mississippi St.",68.2554,76,66.8035,67,87.6054,337,91.8444,322,101.572,188,99.8508,124,-8.00635,256
2013,"Central Connecticut",70.829,17,68.8475,23,101.584,157,101.768,186,107.187,307,109.947,302,-8.1795,257
2013,Portland,65.2881,200,63.6249,219,90.7538,322,95.2476,292,104.222,251,103.431,183,-8.18344,258
2013,"North Texas",67.46,105,65.2749,138,95.9699,262,97.2433,270,101.385,181,105.54,237,-8.29637,259
2013,"Cleveland St.",64.958,221,63.5751,220,96.5275,249,99.6114,223,107.463,313,108.031,274,-8.41973,260
2013,Cornell,66.6592,136,66.1362,99,97.1754,239,99.9301,221,104.685,260,108.609,284,-8.67937,261
2013,Maine,68.9112,54,67.7862,44,94.8316,283,97.2683,268,102.386,203,106.068,247,-8.80012,262
2013,NJIT,68.3864,74,65.9152,109,95.9144,263,94.619,297,94.9492,50,103.439,185,-8.8205,263
2013,"Appalachian St.",67.8645,89,66.4952,82,101.84,151,99.4329,228,104.779,263,108.332,279,-8.89859,264
2013,TCU,61.5323,324,59.493,331,88.4262,333,93.3842,309,102.454,205,102.749,171,-9.36478,265
2013,Liberty,66.0079,175,64.4235,186,101.01,167,101.252,196,106.108,287,110.636,312,-9.384,266
2013,"New Hampshire",63.8792,266,62.8537,249,91.1406,320,92.8062,315,98.2031,111,102.217,159,-9.41048,267
2013,"Sacred Heart",68.8687,58,66.8873,64,101.203,163,101.452,193,109.794,331,111.111,317,-9.65896,268
2013,Colgate,66.3289,161,65.5735,126,95.3574,270,97.6128,265,104.802,264,107.273,262,-9.65977,269
2013,"Bethune Cookman",66.7398,133,65.0555,149,97.1617,240,98.0266,254,102.431,204,107.775,268,-9.74829,270
2013,"Tennessee Tech",65.8162,185,64.2011,193,96.1727,259,97.1251,274,105.591,278,107.278,263,-10.1524,271
2013,"Eastern Illinois",60.6174,337,58.5861,342,99.2465,194,99.9879,219,105.952,284,110.169,304,-10.1814,272
2013,Hampton,68.9391,52,68.7048,26,89.1159,329,89.1826,336,91.2553,17,99.3956,113,-10.213,273
2013,Troy,61.8699,317,59.4354,333,97.865,231,99.1218,232,105.236,271,109.432,298,-10.31,274
2013,Dartmouth,64.0179,259,63.1421,234,94.8353,282,96.4039,280,104.162,250,106.745,255,-10.3411,275
2013,"Old Dominion",65.8715,179,65.3268,136,98.0206,228,98.6433,246,107.236,308,109.134,296,-10.4905,276
2013,American,59.3935,346,58.5244,343,96.0436,261,97.9708,258,106.271,291,108.484,280,-10.5135,277
2013,Winthrop,61.6064,322,59.7949,326,94.9691,280,95.2993,291,101.916,195,105.935,245,-10.6357,278
2013,"Sacramento St.",63.213,286,61.2951,299,99.917,182,97.0498,276,103.951,243,107.865,270,-10.8149,279
2013,"Saint Peter's",64.5219,236,62.6742,256,91.9873,311,92.8317,314,101.465,183,103.902,197,-11.0702,280
2013,"Arkansas Pine Bluff",68.7407,63,66.642,77,90.7213,323,92.5059,316,96.5892,76,103.693,191,-11.1869,281
2013,"Georgia Southern",62.409,306,60.9171,307,96.1819,258,95.8053,286,103.61,233,106.993,257,-11.1876,282
2013,VMI,72.0273,3,69.7007,9,103.881,104,102.286,178,109.021,326,113.617,335,-11.3311,283
2013,"Delaware St.",61.3835,328,59.7926,327,93.9662,294,96.7121,279,102.654,207,108.14,277,-11.4275,284
2013,"Southeastern Louisiana",66.4219,153,64.9573,154,91.7473,313,93.9631,303,103.669,235,105.457,234,-11.4936,285
2013,"UNC Greensboro",71.6272,5,70.5211,5,99.0439,200,97.1418,273,104.563,258,108.787,288,-11.6448,286
2013,"UNC Wilmington",66.5978,143,65.2795,137,95.1665,278,97.1039,275,107.018,302,108.939,292,-11.8346,287
2013,Jacksonville,69.0308,49,67.6896,48,95.6439,266,95.8471,285,103.823,239,107.913,272,-12.0658,288
2013,Lipscomb,71.0819,11,69.3854,13,96.1894,255,98.0443,253,108.037,317,110.208,305,-12.1641,289
2013,"Nicholls St.",67.4119,107,66.0813,103,98.058,227,98.6214,247,107.253,309,110.789,314,-12.1679,290
2013,"McNeese St.",66.0731,174,62.9314,245,95.2449,277,95.9972,283,104.868,265,108.231,278,-12.2342,291
2013,"Northern Arizona",68.6515,65,66.6872,73,95.881,264,96.871,278,107.362,311,109.258,297,-12.3874,292
2013,Samford,61.2149,331,58.7905,340,98.2485,223,97.8897,259,107.054,304,110.305,307,-12.4149,293
2013,"Central Arkansas",72.5731,2,71.1116,2,99.614,184,100.379,214,106.288,292,112.93,330,-12.551,294
2013,"Utah Valley",64.213,248,62.8103,251,98.5039,216,98.7847,242,105.435,274,111.36,320,-12.5756,295
2013,Radford,68.11,85,66.0991,101,94.1135,292,91.3366,326,99.4712,142,103.997,199,-12.6606,296
2013,"Chicago St.",67.5803,100,65.5447,129,91.4464,316,91.0655,327,101.53,186,103.739,192,-12.6735,297
2013,Siena,64.1843,249,62.6181,258,92.8927,303,95.3644,289,106.061,286,108.106,275,-12.7411,298
2013,"Eastern Washington",68.4323,73,66.9773,62,99.4102,191,97.1654,272,107.375,312,110.144,303,-12.9791,299
2013,Campbell,67.2294,116,64.8406,164,99.0577,199,97.7647,261,106.316,293,110.871,315,-13.1068,300
2013,Milwaukee,65.5403,194,64.6378,175,91.4189,317,95.2224,293,107.131,305,108.566,283,-13.344,301
2013,"Montana St.",66.4007,154,64.7842,168,103.166,120,100.408,213,109.124,327,113.789,336,-13.3811,302
2013,Hofstra,64.6173,234,63.2978,228,89.0193,330,89.5865,332,102.265,202,103.011,177,-13.4244,303
2013,"Portland St.",65.1191,215,63.8758,204,104.049,103,103.546,153,112.042,340,117.012,342,-13.4658,304
2013,"San Jose St.",67.7895,91,65.7595,119,89.2312,328,90.7553,329,102.734,209,104.252,203,-13.4963,305
2013,"Southern Utah",69.2212,44,67.9425,36,93.9658,295,92.12,319,103.594,231,105.724,242,-13.6037,306
2013,"SIU Edwardsville",65.8685,180,64.9044,162,93.2659,301,92.8951,313,103.211,224,106.616,253,-13.7204,307
2013,UMBC,67.4668,104,65.8868,112,92.5446,308,95.7193,288,105.107,268,109.621,299,-13.9013,308
2013,Monmouth,70.848,16,68.3917,28,91.6818,315,91.6814,325,102.869,216,105.584,238,-13.903,309
2013,Chattanooga,67.7348,95,66.185,96,98.761,209,97.6537,263,106.66,300,111.773,322,-14.1195,310
2013,"Austin Peay",69.4796,36,67.4808,50,98.3984,221,98.8444,237,109.896,332,113.255,333,-14.4102,311
2013,"Texas Pan American",65.5435,193,62.5217,263,94.5995,286,94.1427,299,101.865,193,108.556,282,-14.4132,312
2013,"Coppin St.",68.8866,57,66.8783,65,89.6303,325,93.2073,310,101.478,184,107.734,267,-14.5269,313
2013,"UC Riverside",63.5948,275,61.8064,285,88.4063,334,89.1999,335,103.988,245,103.766,193,-14.5662,314
2013,"Texas A&M Corpus Chris",63.0741,292,60.8086,310,95.5394,267,96.1392,282,108.429,320,111.017,316,-14.8775,315
2013,"Jackson St.",69.415,38,67.4311,54,94.2364,290,93.8562,305,101.338,179,108.796,290,-14.94,316
2013,Navy,60.3407,340,59.4312,334,89.596,326,89.9936,331,101.484,185,105.194,221,-15.2006,317
2013,UMKC,64.9431,222,63.0886,236,92.2534,310,93.6663,307,108.504,322,109.054,294,-15.3876,318
2013,"East Tennessee St.",66.0742,173,63.3702,225,92.5877,307,95.0644,294,108.479,321,110.758,313,-15.6934,319
2013,"Idaho St.",60.2698,341,59.2728,338,92.5921,306,91.9407,320,106.513,298,108.121,276,-16.18,320
2013,"Nebraska Omaha",71.0918,10,70.8727,3,99.3,192,101.794,185,115.674,345,118.125,345,-16.3304,321
2013,"Northern Illinois",62.623,301,61.0777,301,84.337,342,85.6806,344,100.268,157,102.402,163,-16.7219,322
2013,"Alcorn St.",68.6058,68,66.5931,79,85.9068,341,85.353,345,96.0571,70,102.235,160,-16.8817,323
2013,"Prairie View A&M",68.1364,83,65.9728,106,89.5565,327,88.0021,338,97.6983,100,105.295,226,-17.2933,324
2013,Rice,63.4111,278,61.4841,295,94.0881,293,95.9865,284,111.814,338,113.432,334,-17.4454,325
2013,"Houston Baptist",68.9368,53,67.21,58,87.5606,338,87.7489,340,98.3087,116,105.297,227,-17.5485,326
2013,"Louisiana Monroe",66.9794,124,65.0434,152,88.6951,332,92.3823,317,107.596,315,110.413,310,-18.0308,327
2013,"Florida A&M",69.652,31,67.4771,51,88.1434,335,89.5115,333,102.068,199,107.855,269,-18.343,328
2013,Howard,61.9375,316,61.0407,302,82.9309,346,84.114,346,97.5973,96,102.533,164,-18.4191,329
2013,"St. Francis PA",64.563,235,62.1717,277,94.8733,281,93.4471,308,111.904,339,112.735,328,-19.2876,330
2013,"Alabama St.",67.1508,120,64.8261,165,91.1881,319,92.278,318,103.868,241,111.989,323,-19.7111,331
2013,"Tennessee Martin",69.1492,47,66.6497,76,93.3868,300,93.7506,306,110.82,336,113.933,338,-20.1823,332
2013,IUPUI,65.8881,178,64.1758,194,96.4878,250,97.7266,262,116.681,347,118.026,344,-20.299,333
2013,"Fairleigh Dickinson",68.5121,71,66.0973,102,94.2301,291,94.0141,301,113.364,341,114.486,339,-20.4723,334
2013,"Kennesaw St.",64.4565,237,62.9946,241,92.3321,309,91.7781,323,108.96,325,112.463,325,-20.6853,335
2013,"Alabama A&M",66.6266,139,64.9066,161,91.4127,318,90.7632,328,104.006,248,111.467,321,-20.7035,336
2013,"The Citadel",64.7641,228,64.0281,197,97.9068,229,98.3661,250,115.516,344,119.25,346,-20.8836,337
2013,Longwood,71.8246,4,69.2309,17,93.672,297,94.615,298,113.441,342,116.226,341,-21.6109,338
2013,"Mississippi Valley St.",70.7298,18,69.3556,15,88.8059,331,90.0589,330,104.232,252,112.066,324,-22.0073,339
2013,"South Carolina St.",65.6915,187,63.9199,203,87.9008,336,91.858,321,107.589,314,113.881,337,-22.0234,340
2013,Presbyterian,62.2504,309,60.9283,305,94.5413,287,94.9221,295,115.055,343,117.838,343,-22.9161,341
2013,Furman,64.175,250,63.6702,216,91.6903,314,91.7439,324,110.653,334,115.042,340,-23.298,342
2013,Binghamton,66.0052,176,65.1029,148,83.4594,345,86.2969,342,106.39,295,110.361,308,-24.0636,343
2013,"Maryland Eastern Shore",64.6295,233,62.6176,259,84.2697,343,86.6464,341,106.436,296,111.33,319,-24.6833,344
2013,"New Orleans",71.4098,9,69.3709,14,87.2039,339,87.9446,339,108.598,324,113.15,332,-25.2055,345
2013,Lamar,70.6931,19,68.9826,22,84.0398,344,85.861,343,108.571,323,111.262,318,-25.4014,346
2013,"Grambling St.",65.5955,192,62.5168,266,75.8687,347,76.0404,347,116.449,346,122.142,347,-46.1012,347
